03/06/2026 0:00;23:50:56;0;-160;0; 90.00;-1;1;0
03/06/2026 23:50;223;-126;-31;0; 80.16;-7;-3;0
03/06/2026 23:50;258;-77;-46;0; 97.03;9;-1;0
03/06/2026 23:50;293;47;-175;0; 101.25;-1;2;0
03/06/2026 23:51;328;3;106;0; 104.06;1;-7;0
03/06/2026 23:51;363;103;-176;0; 102.66;2;0;0
03/06/2026 23:51;409;-51;-80;0; 78.75;-3;5;0
03/06/2026 23:51;444;-174;137;0; 35.16;1;-7;0
03/06/2026 23:51;479;-17;97;0; 97.03;2;-5;0
03/06/2026 23:51;514;-52;40;0; 95.62;-1;1;0
03/06/2026 23:51;556;-52;53;0; 95.62;4;1;0
03/06/2026 23:51;591;-132;451;32; 81.56;-14;12;0
03/06/2026 23:51;639;-116;598;32; 25.31;1;-2;0
03/06/2026 23:51;674;-63;413;32; 116.72;5;4;0
03/06/2026 23:51;709;-17;381;32; 82.97;9;-1;0
03/06/2026 23:51;744;-38;651;32; 168.75;-7;-4;0
03/06/2026 23:51;779;-255;599;32; 143.44;-11;0;0
03/06/2026 23:51;814;-269;582;32; 133.59;2;-3;0
03/06/2026 23:51;849;-377;663;32; 87.19;-1;0;0
03/06/2026 23:51;884;-362;1027;16; 84.38;0;3;6
03/06/2026 23:51;919;-455;796;16; 108.28;-14;2;0
03/06/2026 23:51;954;-387;1051;16; 61.88;15;8;0
03/06/2026 23:51;989;-575;1069;16; 70.31;-4;-1;0
03/06/2026 23:51;1024;-560;1281;16; 35.16;0;-1;0
03/06/2026 23:51;1059;-530;1392;16; 309.38;0;4;7
03/06/2026 23:51;1094;-482;1128;16; 261.56;2;-15;6
03/06/2026 23:51;1129;-688;860;16; 334.69;5;-8;6
03/06/2026 23:51;1164;-513;894;16; 101.25;-7;8;0
03/06/2026 23:51;1199;-536;1034;16; 8.44;-5;-10;0
03/06/2026 23:51;1234;-506;720;16; 299.53;6;-2;6
03/06/2026 23:51;1269;-393;560;32; 97.03;-1;0;0
03/06/2026 23:51;1304;-366;728;30; 87.19;-3;8;6
03/06/2026 23:51;1339;-656;902;16; 337.50;-4;2;6
03/06/2026 23:51;1374;-675;994;16; 25.31;4;5;6
03/06/2026 23:51;1409;-481;1168;16; 90.00;7;-9;6
03/06/2026 23:51;1444;-429;911;16; 111.09;-3;-7;0
03/06/2026 23:51;1479;-512;820;16; 80.16;-7;-4;0
03/06/2026 23:51;1514;-707;935;16; 18.28;6;2;6
03/06/2026 23:51;1549;-536;1262;16; 292.50;0;5;0
03/06/2026 23:51;1584;-534;1313;16; 21.09;0;4;0
03/06/2026 23:51;1619;-427;1429;16; 331.88;3;-2;0
03/06/2026 23:51;1654;-558;1339;16; 4.22;-2;-2;0
03/06/2026 23:51;1696;-458;1455;16; 337.50;0;0;0
03/06/2026 23:51;1731;-457;1452;16; 327.66;0;0;0
03/06/2026 23:51;1766;-312;1383;16; 22.50;4;-7;0
03/06/2026 23:51;1801;-315;1428;16; 30.94;-7;12;0
03/06/2026 23:51;1836;-560;1373;16; 7.03;0;-2;0
03/06/2026 23:51;1871;-467;1390;16; 5.62;1;-3;7
03/06/2026 23:51;1915;-454;1455;16; 350.16;2;-1;0
03/06/2026 23:51;1950;-323;1406;16; 12.66;6;5;0
03/06/2026 23:51;1985;-236;1470;0; 64.69;0;10;0
03/06/2026 23:51;2020;-84;1515;0; 345.94;13;2;0
03/06/2026 23:51;2055;-140;1552;0; 345.94;-9;-7;0
03/06/2026 23:51;2090;-151;1323;0; 22.50;6;2;0
03/06/2026 23:51;2125;114;1482;0; 355.78;-4;-1;0
03/06/2026 23:51;2160;-29;1349;0; 5.62;11;-4;0
03/06/2026 23:51;2195;21;1470;0; 351.56;5;4;0
03/06/2026 23:51;2230;45;1482;0; 338.91;-3;3;0
03/06/2026 23:51;2265;288;1460;0; 264.38;3;0;0
03/06/2026 23:51;2300;281;1291;0; 292.50;3;-14;0
03/06/2026 23:51;2335;361;1008;-24; 57.66;0;0;0
03/06/2026 23:51;2370;378;1111;-24; 59.06;0;0;0
03/06/2026 23:51;2405;476;1403;0; 163.12;-8;1;0
03/06/2026 23:52;2440;242;1444;0; 175.78;-6;1;0
03/06/2026 23:52;2475;-17;1453;0; 113.91;-7;6;0
03/06/2026 23:52;2510;-65;1902;32; 187.03;-8;-1;0
03/06/2026 23:52;2545;-332;1871;64; 167.34;6;-3;0
03/06/2026 23:52;2580;-170;1903;40; 170.16;-9;1;0
03/06/2026 23:52;2615;-218;1859;51; 167.34;9;-2;0
03/06/2026 23:52;2650;-207;1850;48; 180.00;-14;0;0
03/06/2026 23:52;2685;-434;1886;80; 202.50;-1;0;0
03/06/2026 23:52;2720;-402;1891;72; 219.38;-7;-5;0
03/06/2026 23:52;2755;-422;1883;72; 222.19;0;0;0
03/06/2026 23:52;2790;-467;1873;80; 246.09;-4;-1;0
03/06/2026 23:52;2825;-515;1877;80; 258.75;-1;0;0
03/06/2026 23:52;2860;-525;1944;80; 272.81;-1;8;0
03/06/2026 23:52;2895;-699;1816;80; 285.47;-2;-4;0
03/06/2026 23:52;2930;-569;1683;80; 80.16;8;7;0
03/06/2026 23:52;2965;-553;1962;80; 208.12;-4;1;0
03/06/2026 23:52;3000;-833;1967;80; 305.16;-7;0;0
When: 2026-06-03 23:52:17 Episode: 1 Map: 1;;;;;;;;
timestamp; tic; x; y; z; angle; momx; momy;
03/06/2026 23:52;3623;-372;256;0; 0.00;6;0;0
03/06/2026 23:52;3658;-132;307;0; 66.80;3;1;0
03/06/2026 23:52;3693;-94;485;0; 47.46;2;7;0
03/06/2026 23:52;3728;47;462;0; 284.41;0;-4;0
03/06/2026 23:52;3763;-26;250;0; 208.83;-6;-7;0
03/06/2026 23:52;3798;-176;230;0; 120.94;-3;4;0
03/06/2026 23:52;3833;-372;374;16; 164.88;-8;2;0
03/06/2026 23:52;3868;-496;365;16; 286.17;0;-5;0
03/06/2026 23:52;3903;-360;188;0; 15.82;7;-2;0
03/06/2026 23:52;3938;-99;241;0; 0.00;8;0;0
03/06/2026 23:52;3973;148;354;0; 14.06;6;4;0
03/06/2026 23:52;4008;422;391;0; 15.82;8;0;0
03/06/2026 23:52;4043;641;435;0; 45.70;1;0;0
03/06/2026 23:52;4078;500;431;0; 282.66;-3;0;0
03/06/2026 23:52;4113;523;431;0; 177.19;-4;0;0
03/06/2026 23:52;4148;305;431;0; 161.37;-7;0;0
03/06/2026 23:52;4183;71;431;0; 124.45;-7;0;0
03/06/2026 23:52;4218;-106;492;0; 207.07;-6;-2;0
03/06/2026 23:52;4253;-171;349;0; 279.14;0;-8;0
03/06/2026 23:52;4288;-159;163;0; 254.53;-1;-8;0
03/06/2026 23:52;4323;-109;79;0; 342.42;5;-1;0
03/06/2026 23:52;4358;151;55;0; 338.91;8;-2;0
03/06/2026 23:52;4393;428;49;0; 21.09;7;2;0
03/06/2026 23:52;4428;701;78;0; 330.12;7;-4;0
03/06/2026 23:52;4463;963;67;0; 72.07;5;4;0
03/06/2026 23:53;4498;1011;322;0; 86.13;0;8;0
03/06/2026 23:53;4533;1051;495;0; 38.67;3;0;0
03/06/2026 23:53;4568;1055;443;0; 275.62;0;-5;0
03/06/2026 23:53;4603;975;212;0; 273.87;-2;-8;0
03/06/2026 23:53;4638;989;-67;0; 270.35;1;-8;0
03/06/2026 23:53;4673;912;-128;0; 147.30;0;-1;0
03/06/2026 23:53;4708;949;-128;0; 233.44;-3;-1;0
03/06/2026 23:53;4743;920;-138;0; 287.93;1;-4;0
03/06/2026 23:53;4778;923;-150;0; 286.17;-1;0;0
03/06/2026 23:53;4813;914;-104;0; 279.14;0;-3;0
03/06/2026 23:53;4848;989;-313;-8; 351.21;5;-6;0
03/06/2026 23:53;4883;1102;-365;-8; 77.34;0;0;0
03/06/2026 23:53;4918;1150;-209;0; 12.30;2;0;0
03/06/2026 23:53;4953;1209;-270;0; 268.59;1;-7;0
03/06/2026 23:53;4988;1224;-367;0; 289.69;0;-1;0
03/06/2026 23:53;5048;1167;-417;-8; 214.10;-6;-4;0
03/06/2026 23:53;5083;1070;-524;-8; 189.49;5;-1;0
03/06/2026 23:53;5118;1202;-511;0; 193.01;0;0;0
03/06/2026 23:53;5153;1124;-536;-8; 215.86;-7;-3;0
03/06/2026 23:53;5188;903;-691;-8; 219.38;-7;-6;0
03/06/2026 23:53;5223;651;-806;0; 145.55;-8;1;0
03/06/2026 23:53;5258;590;-714;0; 133.24;-4;5;0
03/06/2026 23:53;5293;478;-480;0; 50.62;1;7;0
03/06/2026 23:53;5328;622;-399;0; 349.10;6;2;0
03/06/2026 23:53;5363;537;-337;0; 343.83;-4;0;0
03/06/2026 23:53;5402;671;-442;-8; 359.65;7;-4;0
03/06/2026 23:53;5437;805;-461;-8; 29.53;0;-1;0
03/06/2026 23:53;5481;800;-478;-8; 24.26;-1;-3;0
03/06/2026 23:53;5516;616;-546;-8; 11.95;-7;-2;0
03/06/2026 23:53;5551;552;-562;0; 24.26;-1;-1;0
03/06/2026 23:53;5661;448;-608;0; 8.44;-8;-3;0
03/06/2026 23:53;5696;448;-614;0; 333.28;0;1;0
03/06/2026 23:53;5731;595;-633;0; 38.32;7;1;0
03/06/2026 23:53;5766;707;-499;-8; 41.84;4;5;0
03/06/2026 23:53;5801;852;-363;0; 52.38;5;5;0
03/06/2026 23:53;5836;920;-265;0; 54.14;3;6;0
03/06/2026 23:53;5871;1007;-205;0; 315.70;0;-4;0
03/06/2026 23:53;5906;1026;-274;-8; 342.07;-4;0;0
03/06/2026 23:53;5941;1043;-274;-2; 347.34;5;-2;0
03/06/2026 23:53;5976;1247;-388;0; 254.18;-1;-3;0
03/06/2026 23:53;6011;1206;-593;0; 326.25;0;-5;0
03/06/2026 23:53;6046;1108;-603;-8; 357.89;-7;1;0
03/06/2026 23:53;6081;1046;-586;-8; 350.86;-1;0;0
03/06/2026 23:53;6166;1153;-559;-8; 26.02;7;2;0
03/06/2026 23:53;6201;1255;-471;8; 359.65;0;0;0
03/06/2026 23:53;6236;1435;-442;8; 6.68;7;1;2
03/06/2026 23:53;6271;1567;-441;8; 268.24;0;-1;2
03/06/2026 23:53;6306;1567;-436;8; 241.88;0;3;2
03/06/2026 23:53;6341;1540;-401;104; 326.25;-2;0;2
03/06/2026 23:53;6385;1526;-396;136; 115.66;-1;2;2
03/06/2026 23:53;6420;1410;-289;136; 238.71;1;4;0
03/06/2026 23:53;6455;1443;-210;136; 300.23;0;0;0
03/06/2026 23:53;6490;1519;-258;136; 259.80;1;4;0
03/06/2026 23:53;6525;1533;-216;136; 259.80;0;0;0
03/06/2026 23:53;6573;1612;-333;136; 303.75;4;-7;0
03/06/2026 23:54;6608;1736;-588;136; 258.05;1;-8;0
03/06/2026 23:54;6643;1697;-816;136; 200.04;-4;-1;0
03/06/2026 23:54;6678;1603;-725;136; 122.70;-5;6;0
03/06/2026 23:54;6713;1599;-479;136; 57.66;0;7;0
03/06/2026 23:54;6748;1773;-347;136; 349.10;3;0;0
03/06/2026 23:54;6783;1791;-338;136; 343.83;-5;1;0
03/06/2026 23:54;6818;1621;-279;136; 335.04;-1;0;0
03/06/2026 23:54;6853;1778;-333;136; 320.98;6;-4;0
03/06/2026 23:54;6888;1829;-440;136; 24.26;-6;-4;0
03/06/2026 23:54;6923;1621;-528;136; 26.02;-3;-1;0
03/06/2026 23:54;6958;1605;-538;136; 352.62;2;-1;0
03/06/2026 23:54;6993;1659;-606;136; 29.53;-5;-4;0
03/06/2026 23:54;7028;1616;-675;136; 40.08;3;2;0
03/06/2026 23:54;7063;1804;-508;136; 26.02;6;4;0
03/06/2026 23:54;7098;2014;-387;128; 33.05;-2;-1;0
03/06/2026 23:54;7133;1837;-505;136; 24.26;-5;-3;0
03/06/2026 23:54;7168;1795;-532;136; 6.68;-1;-1;0
03/06/2026 23:54;7242;1930;-524;136; 38.32;6;3;0
03/06/2026 23:54;7277;2147;-343;128; 80.51;4;7;0
03/06/2026 23:54;7312;2211;-166;136; 33.05;2;2;0
03/06/2026 23:54;7347;2405;-179;128; 270.00;3;-7;0
03/06/2026 23:54;7382;2314;-362;128; 182.11;-4;-2;0
03/06/2026 23:54;7417;2086;-340;128; 106.52;-6;5;0
03/06/2026 23:54;7452;2054;-242;136; 53.79;-2;-2;0
03/06/2026 23:54;7487;2019;-361;128; 345.23;3;-3;0
03/06/2026 23:54;7522;2117;-404;128; 1.05;-5;-1;0
03/06/2026 23:54;7557;2110;-406;128; 2.81;5;0;0
03/06/2026 23:54;7592;2301;-275;128; 80.16;2;7;0
03/06/2026 23:54;7627;2313;-3;136; 127.62;-4;7;3
03/06/2026 23:54;7667;2176;161;136; 60.82;-1;-4;0
03/06/2026 23:54;7702;2296;130;136; 18.63;7;2;0
03/06/2026 23:54;7737;2527;135;136; 281.95;0;-3;0
03/06/2026 23:54;7772;2527;140;136; 197.58;0;0;0
03/06/2026 23:54;8424;2513;150;136; 174.73;-5;0;0
03/06/2026 23:54;8459;2272;135;136; 141.33;-8;1;0
03/06/2026 23:54;8504;2176;171;136; 4.22;0;-1;0
03/06/2026 23:54;8539;2266;207;144; 81.56;1;0;0
03/06/2026 23:54;8593;2259;164;136; 99.14;-2;5;0
03/06/2026 23:54;8628;2215;424;136; 99.14;-2;8;0
03/06/2026 23:54;8663;2189;553;136; 69.26;-1;-6;0
03/06/2026 23:55;8698;2088;451;136; 0.70;-2;0;0
03/06/2026 23:55;8733;2245;457;136; 20.04;7;2;0
03/06/2026 23:55;8768;2482;606;136; 42.89;6;5;0
03/06/2026 23:55;8803;2569;755;24; 100.90;-2;3;0
03/06/2026 23:55;8838;2626;653;24; 169.45;0;-1;0
03/06/2026 23:55;8881;2466;720;24; 162.42;-8;2;0
03/06/2026 23:55;8916;2398;747;24; 162.42;0;-1;0
03/06/2026 23:55;8951;2295;776;24; 188.79;-8;0;0
03/06/2026 23:55;8986;2118;747;24; 202.85;2;1;0
03/06/2026 23:55;9021;2330;745;24; 113.20;4;-4;0
03/06/2026 23:55;9056;2415;781;24; 5.98;1;1;0
03/06/2026 23:55;9091;2505;701;24; 262.27;1;-4;0
03/06/2026 23:55;9126;2525;678;24; 153.28;0;-1;0
03/06/2026 23:55;9171;2361;755;24; 181.41;-8;0;0
03/06/2026 23:55;9206;2082;712;24; 197.23;-8;-3;0
03/06/2026 23:55;9241;1804;620;-160; 220.08;-8;-4;0
03/06/2026 23:55;9276;1542;569;-160; 133.95;-7;3;0
03/06/2026 23:55;9311;1375;782;-160; 144.49;-5;6;0
03/06/2026 23:55;9346;1180;968;-160; 75.94;-3;5;0
03/06/2026 23:55;9381;1048;944;-128; 337.50;-1;-1;0
03/06/2026 23:55;9416;1193;832;-160; 326.95;6;-5;0
03/06/2026 23:55;9451;1405;649;-160; 355.08;6;-4;0
03/06/2026 23:55;9486;1664;644;-160; 19.69;4;0;0
03/06/2026 23:55;9521;1638;535;-160; 137.46;-1;-2;0
03/06/2026 23:55;9556;1595;599;-160; 63.63;-1;1;0
03/06/2026 23:55;9591;1496;595;-160; 5.62;-6;-1;0
03/06/2026 23:55;9626;1632;630;-160; 39.02;6;3;0
03/06/2026 23:55;9661;1885;709;-160; 298.83;6;-4;0
03/06/2026 23:55;9696;1883;502;-160; 195.12;-6;-5;0
03/06/2026 23:55;9731;1882;447;-160; 103.71;-1;2;0
03/06/2026 23:55;9766;1789;658;-160; 107.23;-4;7;0
03/06/2026 23:55;9801;1693;938;-168; 107.23;-3;7;0
03/06/2026 23:55;9836;1647;1091;-144; 63.28;0;2;0
03/06/2026 23:55;9871;1676;1160;-144; 107.23;0;-1;0
03/06/2026 23:55;9906;1726;1024;-144; 161.72;3;-3;0
03/06/2026 23:55;9941;1818;1027;-168; 87.89;1;5;0
03/06/2026 23:55;9976;1814;1159;-160; 108.98;-1;1;0
03/06/2026 23:55;10011;1813;1181;-160; 108.98;-1;0;0
03/06/2026 23:56;11254;-227;257;0; 15.82;7;0;0
03/06/2026 23:56;11289;-130;316;0; 100.20;-1;5;0
03/06/2026 23:56;11324;-103;495;0; 352.97;4;-1;0
03/06/2026 23:56;11359;4;488;0; 258.05;1;3;0
03/06/2026 23:56;11394;18;491;0; 333.63;3;-2;0
03/06/2026 23:56;11429;30;328;0; 228.16;-4;-7;0
03/06/2026 23:56;11464;-134;115;0; 205.31;-4;-4;0
03/06/2026 23:56;11499;-138;118;0; 117.42;-3;5;0
03/06/2026 23:56;11534;-216;276;0; 175.43;-6;3;0
03/06/2026 23:56;11569;-431;194;0; 208.83;-6;-6;0
03/06/2026 23:56;11604;-496;197;2; 85.78;0;4;0
03/06/2026 23:56;11639;-357;381;16; 18.98;7;3;0
03/06/2026 23:56;11674;-268;342;16; 306.91;1;-6;0
03/06/2026 23:56;11709;-189;226;0; 349.10;0;-1;0
03/06/2026 23:56;11769;-141;213;0; 350.86;5;-2;0
03/06/2026 23:56;11804;112;249;-16; 350.86;7;0;1
03/06/2026 23:56;11839;380;266;-128; 1.41;3;0;0
03/06/2026 23:56;11874;417;268;-128; 4.92;0;0;0
03/06/2026 23:56;11927;567;261;-128; 6.68;7;0;0
03/06/2026 23:56;11962;810;371;-128; 92.81;3;6;0
03/06/2026 23:56;11997;839;457;-128; 92.81;0;-6;0
03/06/2026 23:56;12032;844;476;-128; 87.54;0;7;0
03/06/2026 23:56;12067;846;644;-128; 66.45;-1;0;0
03/06/2026 23:56;12102;834;566;-128; 94.57;-1;-1;0
03/06/2026 23:56;12137;832;725;-128; 68.20;0;2;0
03/06/2026 23:56;12172;854;847;-128; 115.66;-1;7;0
03/06/2026 23:56;12207;737;988;-128; 238.71;-2;-1;0
03/06/2026 23:56;12242;656;828;-128; 229.92;-1;-3;0
03/06/2026 23:56;12277;576;680;-128; 180.70;0;-1;0
03/06/2026 23:56;12312;654;693;-128; 68.20;1;5;0
03/06/2026 23:56;12347;643;948;-128; 119.18;-4;7;0
03/06/2026 23:56;12382;643;1135;-128; 29.53;3;0;0
03/06/2026 23:56;12417;713;1306;-128; 152.58;-4;5;0
03/06/2026 23:56;12452;583;1369;-128; 226.41;-4;-3;0
03/06/2026 23:56;12487;595;1294;-128; 307.27;2;-2;0
03/06/2026 23:56;12522;801;1268;-128; 70.31;5;4;0
03/06/2026 23:56;12557;885;1384;-128; 345.94;3;-1;0
03/06/2026 23:56;12592;875;1409;-128; 319.57;-7;3;0
03/06/2026 23:56;12627;778;1434;-128; 240.47;-4;-5;0
03/06/2026 23:56;12662;723;1186;-128; 301.99;1;-8;0
03/06/2026 23:56;12697;822;940;-128; 335.39;3;-5;0
03/06/2026 23:56;12732;811;922;-128; 72.07;2;5;0
03/06/2026 23:56;12767;860;1055;-128; 161.72;5;-1;0
03/06/2026 23:56;12802;919;993;-128; 230.27;-5;-5;0
03/06/2026 23:56;12837;817;760;-128; 300.59;0;-8;0
03/06/2026 23:57;12872;806;671;-128; 348.05;-7;1;0
03/06/2026 23:57;12907;576;697;-128; 24.96;0;-1;0
03/06/2026 23:57;12955;670;652;-128; 333.98;5;-2;0
03/06/2026 23:57;12990;767;592;-128; 253.12;-1;0;0
03/06/2026 23:57;13030;837;560;-128; 275.98;1;0;0
03/06/2026 23:57;13065;857;477;-128; 246.09;-1;-7;0
03/06/2026 23:57;13100;685;290;-128; 184.57;-8;-3;0
03/06/2026 23:57;13135;403;256;-128; 188.09;-9;-1;0
03/06/2026 23:57;13170;212;235;-124; 181.05;2;0;0
03/06/2026 23:57;13205;156;234;-124; 181.05;-8;-1;1
03/06/2026 23:57;13332;101;290;4; 279.49;0;-5;1
03/06/2026 23:57;13367;211;92;0; 358.59;3;-3;0
03/06/2026 23:57;13402;251;67;0; 358.59;0;-1;0
03/06/2026 23:58;15232;402;63;0; 358.59;7;-1;0
03/06/2026 23:58;15267;686;66;0; 39.02;7;2;0
03/06/2026 23:58;15302;919;221;0; 355.08;7;2;0
03/06/2026 23:58;15337;1050;152;0; 253.12;-1;-1;0
03/06/2026 23:58;15372;983;-38;0; 249.61;-3;-8;0
03/06/2026 23:58;15428;912;-128;0; 283.01;-1;1;0
03/06/2026 23:58;15463;921;-102;0; 268.95;0;-7;0
03/06/2026 23:58;15498;936;-229;0; 309.38;0;-2;0
03/06/2026 23:58;15533;1074;-323;-8; 356.84;2;-2;0
03/06/2026 23:58;15568;1247;-262;0; 68.91;0;2;0
03/06/2026 23:58;15603;1187;-209;0; 191.95;-6;-1;0
03/06/2026 23:58;15638;942;-295;0; 213.05;-7;-5;0
03/06/2026 23:58;15673;789;-359;0; 160.31;-8;1;0
03/06/2026 23:58;15708;546;-419;0; 234.14;-6;-6;0
03/06/2026 23:58;15743;448;-576;0; 337.85;-1;1;0
03/06/2026 23:58;15778;611;-542;-8; 42.89;7;2;0
03/06/2026 23:58;15813;857;-411;-8; 4.22;7;2;0
03/06/2026 23:58;15848;1128;-350;-8; 311.48;7;-3;0
03/06/2026 23:58;15883;1190;-288;0; 293.91;-3;6;0
03/06/2026 23:58;15918;1183;-277;0; 290.39;2;-7;0
03/06/2026 23:58;15953;1204;-286;0; 267.54;-1;-1;0
03/06/2026 23:58;15988;1169;-279;-8; 293.91;-2;3;0
03/06/2026 23:58;16023;1139;-251;0; 207.77;-4;-3;0
03/06/2026 23:58;16058;1017;-327;-8; 218.32;-1;0;0
03/06/2026 23:58;16093;896;-418;-8; 227.11;0;0;0
03/06/2026 23:58;16128;992;-309;-8; 242.93;0;1;0
03/06/2026 23:58;16163;883;-415;-8; 223.59;-6;-6;0
03/06/2026 23:58;16198;735;-529;56; 239.41;-4;-1;0
03/06/2026 23:58;16233;665;-542;-8; 300.94;-1;-1;0
03/06/2026 23:58;16268;630;-665;0; 264.02;-2;-8;0
03/06/2026 23:58;16303;675;-823;0; 7.73;5;-1;0
03/06/2026 23:58;16338;905;-714;-8; 49.92;6;5;0
03/06/2026 23:58;16373;1138;-557;-8; 334.34;4;1;0
03/06/2026 23:58;16408;1214;-543;0; 336.09;6;-3;0
03/06/2026 23:58;16443;1218;-510;0; 320.27;-6;4;0
03/06/2026 23:58;16478;1141;-424;-8; 343.12;0;0;0
03/06/2026 23:58;16513;1217;-431;0; 21.80;0;-1;0
03/06/2026 23:58;16548;1170;-459;-8; 5.98;5;0;0
03/06/2026 23:58;16583;1401;-436;8; 14.77;5;0;2
03/06/2026 23:58;16618;1442;-448;8; 74.53;1;3;2
03/06/2026 23:58;16653;1473;-401;28; 99.14;0;-2;2
03/06/2026 23:58;16688;1492;-469;136; 160.66;-4;1;2
03/06/2026 23:58;16723;1433;-443;136; 164.18;4;-2;2
03/06/2026 23:58;16758;1659;-478;136; 171.21;2;-1;0
03/06/2026 23:58;16793;1690;-479;136; 243.28;0;-1;0
03/06/2026 23:58;16828;1693;-641;136; 304.80;2;-8;0
03/06/2026 23:58;16863;1714;-816;136; 194.06;-5;-1;0
03/06/2026 23:58;16898;1600;-796;136; 71.02;-1;0;0
03/06/2026 23:58;16933;1634;-758;136; 116.72;0;0;0
03/06/2026 23:58;16968;1691;-816;136; 116.72;0;0;0
03/06/2026 23:59;17248;1692;-816;136; 85.08;-1;0;0
03/06/2026 23:59;17760;1664;-694;136; 93.87;-2;7;0
03/06/2026 23:59;17795;1776;-482;136; 16.52;5;2;0
03/06/2026 23:59;17830;1836;-453;136; 21.80;0;0;0
03/06/2026 23:59;17905;1948;-467;128; 39.38;6;1;0
03/06/2026 23:59;17940;2056;-320;136; 83.32;0;-1;0
03/06/2026 23:59;17980;2064;-279;136; 83.32;-1;-6;0
03/06/2026 23:59;18015;2076;-415;128; 37.62;5;2;0
03/06/2026 23:59;18050;2206;-219;136; 102.66;-1;7;0
03/06/2026 23:59;18085;2206;63;136; 76.29;1;8;0
03/06/2026 23:59;18132;2289;156;136; 351.91;6;-2;0
03/06/2026 23:59;18167;2527;119;136; 32.34;0;-1;0
03/06/2026 23:59;18232;2458;175;136; 171.21;-5;0;0
03/06/2026 23:59;18267;2249;181;144; 114.96;-6;2;0
03/06/2026 23:59;18309;2249;174;136; 81.56;1;3;0
03/06/2026 23:59;18344;2224;416;136; 100.90;-3;7;0
03/06/2026 23:59;18379;2203;589;136; 346.64;-6;0;0
03/06/2026 23:59;18414;2255;530;136; 14.77;0;-1;0
03/06/2026 23:59;18449;2255;531;136; 351.91;0;-2;0
03/06/2026 23:59;18484;2396;565;136; 21.80;6;3;0
03/06/2026 23:59;18519;2616;669;24; 107.93;0;-4;0
03/06/2026 23:59;18558;2579;641;24; 165.94;-7;2;0
03/06/2026 23:59;18593;2402;661;24; 183.52;-2;0;0
03/06/2026 23:59;18630;2384;662;24; 160.66;-4;0;0
03/06/2026 23:59;18665;2268;834;24; 74.53;-1;4;0
03/06/2026 23:59;18700;2203;809;24; 120.23;-1;-1;0
03/06/2026 23:59;18735;2104;950;-20; 100.90;-3;6;0
03/06/2026 23:59;18770;1938;1166;-80; 155.39;-7;4;0
03/06/2026 23:59;18805;1832;1190;-160; 134.30;-6;4;0
03/06/2026 23:59;18840;1622;1365;-160; 160.66;-8;3;0
03/06/2026 23:59;18875;1436;1455;-160; 195.82;-2;0;0
03/06/2026 23:59;18910;1378;1407;-160; 239.77;-3;-5;0
03/06/2026 23:59;18945;1257;1197;-160; 283.71;-2;-3;0
03/06/2026 23:59;18980;1170;1254;-160; 2.81;1;0;0
03/06/2026 23:59;19015;1371;1349;-160; 359.30;7;2;0
03/06/2026 23:59;19050;1650;1392;-160; 322.38;7;-2;0
03/06/2026 23:59;19085;1740;1194;-168; 230.98;-4;-8;0
03/06/2026 23:59;19120;1678;1080;-144; 176.48;-1;-1;0
04/06/2026 0:00;19155;1622;1085;-144; 130.78;2;-5;0
04/06/2026 0:00;19190;1697;1058;-144; 81.56;1;6;0
04/06/2026 0:00;19225;1709;1322;-160; 125.51;-3;7;0
04/06/2026 0:00;19260;1499;1424;-160; 204.61;-8;-3;0
04/06/2026 0:00;19295;1280;1290;-160; 269.65;-4;-7;0
04/06/2026 0:00;19330;1156;1057;-160; 172.97;-7;-3;0
04/06/2026 0:00;19365;948;1169;-128; 114.96;-5;6;0
04/06/2026 0:00;19400;853;1437;-128; 95.62;-2;8;0
04/06/2026 0:00;19435;845;1418;-128; 95.62;-1;3;0
04/06/2026 0:00;19470;821;1660;-136; 88.59;-1;8;0
04/06/2026 0:00;19505;721;1733;-136; 339.61;-5;-1;0
04/06/2026 0:00;19564;723;1702;-133; 327.30;1;-2;0
04/06/2026 0:00;19612;739;1689;-136; 327.30;2;-2;0
04/06/2026 0:00;19647;763;1674;-136; 327.30;0;-1;0
04/06/2026 0:00;19710;839;1630;-136; 336.09;6;-4;0
04/06/2026 0:00;19745;975;1568;-128; 235.90;0;1;0
04/06/2026 0:00;19780;825;1533;-128; 177.89;-8;-2;0
04/06/2026 0:00;19815;688;1574;-128; 67.15;0;5;0
04/06/2026 0:00;19850;774;1818;-136; 105.82;0;8;0
04/06/2026 0:00;19885;829;2031;-128; 2.11;5;0;0
04/06/2026 0:00;19920;962;1901;-128; 239.06;0;-8;0
04/06/2026 0:00;19955;789;1778;-136; 182.81;-8;0;0
04/06/2026 0:00;19990;688;1807;-128; 145.90;-1;2;0
04/06/2026 0:00;20025;485;1889;-136; 184.57;-9;0;0
04/06/2026 0:00;20060;196;1891;-136; 172.27;-9;0;0
04/06/2026 0:00;20095;-89;1871;-128; 209.18;-8;-4;0
04/06/2026 0:00;20130;-272;1868;-128; 89.65;0;4;0
04/06/2026 0:00;20165;-150;2031;-128; 345.94;3;-1;0
04/06/2026 0:00;20200;64;1928;-136; 1.76;7;-3;0
04/06/2026 0:00;20235;344;1905;-136; 344.18;8;-2;0
04/06/2026 0:00;20270;624;1830;-128; 331.88;7;-3;0
04/06/2026 0:00;20305;774;1717;-136; 358.24;6;-4;0
04/06/2026 0:00;20340;957;1815;-128; 121.29;-1;7;0
04/06/2026 0:00;20375;779;1969;-128; 174.02;-8;1;0
04/06/2026 0:00;20410;495;2013;-128; 154.69;-9;1;0
04/06/2026 0:00;20445;441;2009;-128; 110.74;3;-6;0
04/06/2026 0:00;20480;488;2047;-128; 89.65;0;7;0
04/06/2026 0:00;20517;488;2096;-128; 101.95;-1;6;0
04/06/2026 0:00;20552;451;2214;-128; 225.00;-3;-2;0
04/06/2026 0:00;20587;400;2070;-128; 235.55;-1;-4;0
04/06/2026 0:00;20622;269;1963;-136; 131.84;-7;1;0
04/06/2026 0:00;20657;158;2043;-128; 49.22;-3;-2;0
04/06/2026 0:00;20692;194;2213;-112; 36.91;3;6;0
04/06/2026 0:00;20727;234;2217;-128; 273.87;0;-4;0
04/06/2026 0:00;20762;134;2017;-128; 198.28;-7;-5;0
04/06/2026 0:00;20797;-80;2047;-128; 82.27;-3;2;0
04/06/2026 0:00;20832;-100;2103;-128; 82.27;0;6;0
04/06/2026 0:00;20867;-104;2217;-112; 347.34;-6;-1;0
04/06/2026 0:00;20906;-111;2090;-128; 245.39;-2;-8;0
04/06/2026 0:00;20941;-148;1890;-136; 259.45;-3;-8;0
04/06/2026 0:00;20978;-179;1811;-133; 291.09;-1;1;0
04/06/2026 0:00;21013;-133;1642;-128; 261.21;0;-7;0
04/06/2026 0:00;21048;-143;1559;-128; 211.99;-4;-4;0
04/06/2026 0:00;21083;-282;1524;-128; 271.76;0;4;0
04/06/2026 0:00;21118;-247;1572;-128; 299.88;3;-6;0
04/06/2026 0:00;21153;-33;1473;-128; 22.50;7;1;0
04/06/2026 0:00;21188;183;1509;-128; 299.88;2;-2;0
04/06/2026 0:00;21223;207;1495;-128; 312.19;0;-1;0
04/06/2026 0:01;21258;265;1312;-128; 243.63;-2;-8;0
04/06/2026 0:01;21293;162;1049;-128; 277.03;-2;-8;0
04/06/2026 0:01;21328;255;913;-128; 301.64;3;-7;0
04/06/2026 0:01;21363;424;880;-128; 64.69;5;4;0
04/06/2026 0:01;21398;405;1088;-128; 187.73;-7;2;0
04/06/2026 0:01;21433;144;1103;-128; 191.25;0;-1;0
04/06/2026 0:01;21468;300;1128;-128; 157.85;4;0;0
04/06/2026 0:01;21503;225;1266;-128; 103.36;-4;6;0
04/06/2026 0:01;21547;208;1328;-128; 34.80;2;0;0
04/06/2026 0:01;21582;336;1495;-128; 124.45;-1;7;0
04/06/2026 0:01;21617;141;1615;-128; 203.55;-8;-2;0
04/06/2026 0:01;21652;-98;1482;-128; 205.31;-7;-5;0
04/06/2026 0:01;21687;-194;1424;-128; 275.62;0;-1;0
04/06/2026 0:01;21722;-229;1416;-128; 275.62;-1;0;0
04/06/2026 0:01;21757;-223;1360;-128; 298.48;1;-7;0
04/06/2026 0:01;21792;-200;1282;-128; 175.43;0;-1;0
04/06/2026 0:02;25301;607;50;0; 270.00;-1;2;0
04/06/2026 0:02;25336;574;37;0; 215.51;-5;-4;0
04/06/2026 0:02;25371;473;-7;0; 298.12;1;3;0
04/06/2026 0:03;25409;613;4;0; 3.16;7;0;0
04/06/2026 0:03;25444;654;-12;0; 103.36;-2;4;0
04/06/2026 0:03;25479;625;47;0; 69.96;0;0;0
04/06/2026 0:03;25514;595;63;0; 99.84;-2;0;0
04/06/2026 0:03;25549;623;63;0; 4.92;0;-1;0
04/06/2026 0:03;25584;634;44;0; 10.20;3;-1;0
04/06/2026 0:03;25619;824;27;0; 305.16;6;-4;0
04/06/2026 0:03;25654;967;-195;0; 240.12;-1;-8;0
04/06/2026 0:03;25689;921;-400;0; 322.73;1;-1;0
04/06/2026 0:03;25724;1057;-382;0; 55.90;2;2;0
04/06/2026 0:03;25759;1071;-337;0; 47.11;0;0;0
04/06/2026 0:03;25794;1093;-231;0; 55.90;2;6;0
04/06/2026 0:03;25832;1182;-111;-8; 345.59;-5;0;0
04/06/2026 0:03;25867;1199;-128;-8; 333.28;6;-3;0
04/06/2026 0:03;25902;1207;-152;-8; 268.24;0;-1;0
04/06/2026 0:03;25952;1030;-237;0; 211.99;-7;-5;0
04/06/2026 0:03;25987;787;-401;-16; 220.78;-7;-5;0
04/06/2026 0:03;26022;723;-450;-16; 271.76;-1;-1;0
04/06/2026 0:03;26057;690;-651;-16; 199.69;-6;-6;0
04/06/2026 0:03;26092;472;-633;-16; 99.49;-5;6;0
04/06/2026 0:03;26127;431;-476;-16; 97.73;-1;0;0
04/06/2026 0:03;26162;454;-293;-16; 145.20;1;4;0
04/06/2026 0:03;26250;471;-305;-16; 317.46;3;-4;0
04/06/2026 0:03;26285;680;-450;-16; 324.49;6;-5;0
04/06/2026 0:03;26320;698;-488;-16; 354.38;-4;0;0
04/06/2026 0:03;26355;666;-484;-16; 356.13;-1;0;0
04/06/2026 0:03;26401;702;-635;-16; 254.18;-1;-8;0
04/06/2026 0:03;26436;625;-882;-8; 285.82;0;-1;0
04/06/2026 0:03;26471;609;-795;-16; 285.82;1;-4;0
04/06/2026 0:03;26506;651;-854;-16; 203.20;4;2;0
04/06/2026 0:03;26541;563;-824;-16; 208.48;-8;-2;0
04/06/2026 0:03;26576;294;-905;-16; 180.35;-9;-2;0
04/06/2026 0:03;26611;191;-932;-16; 254.18;0;-2;0
04/06/2026 0:03;26646;248;-968;-16; 275.27;2;-1;0
04/06/2026 0:03;26681;287;-984;-16; 252.42;0;0;0
04/06/2026 0:03;26716;342;-984;-16; 329.77;2;-1;0
04/06/2026 0:03;26751;399;-921;-16; 43.59;4;4;0
04/06/2026 0:03;26786;603;-786;-16; 329.77;3;1;0
04/06/2026 0:03;26821;708;-929;0; 271.76;1;-4;0
04/06/2026 0:03;26856;717;-962;0; 169.80;-5;0;0
04/06/2026 0:03;26891;619;-915;-8; 62.58;0;0;0
04/06/2026 0:03;26926;658;-909;-8; 317.11;3;-4;0
04/06/2026 0:03;26961;877;-1019;16; 34.45;7;0;0
04/06/2026 0:03;26996;1039;-968;32; 103.01;0;-1;0
04/06/2026 0:03;27031;1029;-913;32; 104.77;-2;7;0
04/06/2026 0:03;27066;1011;-811;48; 92.46;-1;4;0
04/06/2026 0:03;27101;987;-563;56; 136.41;-4;7;0
04/06/2026 0:03;27136;1049;-504;56; 127.62;6;-4;0
04/06/2026 0:03;27171;1076;-584;56; 4.57;-1;0;0
04/06/2026 0:03;27206;1276;-555;72; 346.99;7;0;0
04/06/2026 0:03;27241;1424;-508;72; 48.52;4;4;0
04/06/2026 0:03;27276;1404;-566;72; 32.70;-6;-5;0
04/06/2026 0:03;27353;1328;-582;72; 313.59;0;1;0
04/06/2026 0:03;27388;1362;-614;72; 287.23;3;-6;0
04/06/2026 0:03;27423;1365;-848;120; 248.55;-3;-7;0
04/06/2026 0:03;27458;1298;-944;136; 241.52;-3;-1;0
04/06/2026 0:04;27493;1257;-958;136; 269.65;-1;6;0
04/06/2026 0:04;27528;1281;-767;104; 273.16;1;1;0
04/06/2026 0:04;27563;1258;-919;136; 260.86;-2;-8;0
04/06/2026 0:04;27598;1218;-1151;136; 264.38;-1;-3;0
04/06/2026 0:04;27633;1203;-1272;136; 255.59;-1;-5;0
04/06/2026 0:04;27668;1213;-1253;136; 255.59;1;6;0
04/06/2026 0:04;27703;1273;-1232;136; 280.20;2;-7;0
04/06/2026 0:04;27738;1193;-1358;136; 194.06;-7;-5;0
04/06/2026 0:04;27795;976;-1426;136; 88.59;0;-3;0
04/06/2026 0:04;27830;1089;-1425;136; 13.01;7;1;0
04/06/2026 0:04;27865;1327;-1412;136; 327.30;0;-1;0
04/06/2026 0:04;27905;1279;-1412;136; 4.22;4;0;0
04/06/2026 0:04;27940;1419;-1401;136; 4.22;0;0;2
04/06/2026 0:04;27991;1411;-1403;136; 13.01;-2;-1;2
04/06/2026 0:04;28026;1439;-1392;240; 37.62;0;0;2
04/06/2026 0:04;28063;1524;-1440;240; 339.61;3;-3;0
04/06/2026 0:04;28098;1451;-1488;240; 357.19;-1;0;0
04/06/2026 0:04;28133;1615;-1488;240; 355.43;0;-1;0
04/06/2026 0:04;28173;1579;-1488;240; 85.08;-2;1;0
04/06/2026 0:04;28208;1526;-1274;240; 121.99;-2;7;0
04/06/2026 0:04;28243;1424;-1273;240; 160.66;-1;0;0
04/06/2026 0:04;28296;1460;-1274;240; 353.67;5;-1;0
04/06/2026 0:04;28331;1587;-1273;240; 14.77;0;0;0
04/06/2026 0:04;28366;1743;-1269;240; 316.76;0;-2;0
04/06/2026 0:04;28401;1743;-1406;240; 241.17;0;-1;0
04/06/2026 0:04;28436;1730;-1469;240; 265.78;-2;-7;0
04/06/2026 0:04;28471;1712;-1546;240; 25.31;0;0;0
04/06/2026 0:04;28506;1762;-1457;240; 62.23;0;0;0
04/06/2026 0:04;28547;1805;-1488;240; 162.42;-2;0;0
04/06/2026 0:04;28582;1712;-1402;240; 88.59;0;5;0
04/06/2026 0:04;28617;1687;-1230;240; 174.73;-5;3;0
04/06/2026 0:04;28652;1552;-1182;240; 121.99;-1;4;0
04/06/2026 0:04;28687;1392;-1047;240; 218.67;-8;-2;0
04/06/2026 0:04;28722;1360;-1195;240; 267.89;-1;-7;0
04/06/2026 0:04;28757;1391;-1261;240; 11.60;0;0;0
04/06/2026 0:04;28792;1391;-1167;240; 90.70;-1;6;0
04/06/2026 0:04;28827;1444;-1033;240; 50.27;2;2;0
04/06/2026 0:04;28862;1517;-1040;240; 81.91;-1;-6;0
04/06/2026 0:04;28897;1525;-1176;240; 99.49;0;0;0
04/06/2026 0:04;29054;1647;-1257;240; 318.87;5;-6;0
04/06/2026 0:04;29089;1696;-1272;240; 213.40;-4;-1;0
04/06/2026 0:04;29124;1552;-1217;240; 90.35;-1;4;0
04/06/2026 0:04;29159;1634;-1009;240; 62.23;2;0;0
04/06/2026 0:04;29194;1647;-1057;240; 72.77;-2;-6;0
04/06/2026 0:04;29229;1631;-1111;240; 158.91;-1;-1;0
04/06/2026 0:04;29264;1715;-1114;240; 236.25;0;-1;0
04/06/2026 0:04;29322;1702;-1140;240; 238.01;-4;-5;0
04/06/2026 0:04;29357;1647;-1264;240; 147.89;-6;0;0
04/06/2026 0:04;29392;1610;-1256;240; 147.89;-6;2;0
04/06/2026 0:04;29427;1585;-1226;240; 125.04;3;-4;0
04/06/2026 0:04;29462;1556;-1071;240; 121.52;-4;7;0
04/06/2026 0:04;29497;1506;-944;240; 21.33;1;0;3
04/06/2026 0:04;29532;1520;-990;240; 298.71;0;-4;3
04/06/2026 0:04;29567;1550;-1094;240; 250.77;-1;-9;0
04/06/2026 0:05;29602;1524;-1098;240; 295.86;-1;-2;0
04/06/2026 0:05;29637;1532;-1113;240; 4.17;2;-1;0
04/06/2026 0:05;29672;1532;-1109;240; 359.24;7;0;0
04/06/2026 0:05;29707;1546;-1117;240; 358.57;6;-1;0
04/06/2026 0:05;29742;1611;-1129;240; 282.98;1;-4;0
04/06/2026 0:05;29777;1617;-1270;240; 172.72;-4;0;0
04/06/2026 0:05;29812;1615;-1262;240; 195.97;-1;0;0
04/06/2026 0:05;29847;1531;-1291;240; 208.27;-7;-3;0
04/06/2026 0:05;29882;1423;-1368;156; 311.98;-1;0;2
04/06/2026 0:05;30005;1389;-1399;184; 38.12;-3;-3;2
04/06/2026 0:05;30040;1455;-1361;160; 46.91;0;0;2
04/06/2026 0:05;30081;1431;-1455;136; 97.88;-1;-1;2
04/06/2026 0:05;30129;1449;-1397;136; 71.52;1;5;2
04/06/2026 0:05;30164;1452;-1361;184; 71.52;0;0;2
04/06/2026 0:05;30199;1490;-1356;240; 107.07;0;8;0
04/06/2026 0:05;30234;1491;-1342;240; 105.31;0;0;0
04/06/2026 0:05;30279;1508;-1318;240; 33.24;0;0;0
04/06/2026 0:06;32787;1558;-1283;240; 33.24;5;3;0
04/06/2026 0:06;32822;1786;-1134;240; 26.21;7;4;0
04/06/2026 0:06;32857;1914;-1083;240; 264.92;-1;2;0
04/06/2026 0:06;32904;1877;-1200;240; 3.36;-1;-1;0
04/06/2026 0:06;32939;1870;-1129;240; 47.30;2;6;0
04/06/2026 0:06;32999;1889;-1097;240; 219.22;-5;-5;0
04/06/2026 0:06;33034;1804;-1166;240; 191.09;-1;-1;0
04/06/2026 0:06;33134;1727;-1183;240; 203.40;-7;-2;0
04/06/2026 0:06;33169;1581;-1293;240; 242.07;-1;-1;0
04/06/2026 0:06;33225;1556;-1309;240; 205.15;-5;-2;0
04/06/2026 0:06;33260;1361;-1428;160; 187.57;-4;-2;2
04/06/2026 0:06;33295;1200;-1427;136; 124.29;-1;3;0
04/06/2026 0:06;33330;1189;-1197;136; 59.25;2;7;0
04/06/2026 0:06;33365;1295;-931;136; 66.29;3;7;0
04/06/2026 0:06;33400;1385;-703;88; 69.80;1;4;0
04/06/2026 0:06;33435;1413;-475;64; 150.66;-4;7;0
04/06/2026 0:06;33470;1387;-456;72; 219.22;-1;-2;0
04/06/2026 0:06;33505;1255;-567;72; 166.48;-8;0;0
04/06/2026 0:06;33540;977;-529;56; 213.94;-8;-2;0
04/06/2026 0:06;33575;753;-688;-16; 268.43;-4;-7;0
04/06/2026 0:06;33610;624;-897;-8; 185.82;-1;-2;0
04/06/2026 0:06;33645;602;-832;-16; 154.18;-5;4;0
04/06/2026 0:06;33680;437;-868;-16; 243.82;-4;-7;0
04/06/2026 0:06;33715;339;-968;-16; 242.07;1;4;0
04/06/2026 0:06;33750;336;-1020;-16; 263.16;-2;-8;0
04/06/2026 0:07;33785;320;-1134;-16; 171.75;-3;-1;0
04/06/2026 0:07;33820;325;-1130;-16; 208.67;6;1;0
04/06/2026 0:07;33855;415;-1097;-16; 252.61;0;0;0
04/06/2026 0:07;33890;399;-1168;-16; 352.81;2;-2;0
04/06/2026 0:07;33925;585;-1122;16; 85.97;3;6;0
04/06/2026 0:07;33960;591;-1086;16; 166.26;-5;1;0
04/06/2026 0:07;33995;576;-1081;16; 199.14;-2;-1;0
04/06/2026 0:07;34030;560;-1084;16; 213.20;-1;-1;0
04/06/2026 0:07;34084;462;-1148;-16; 165.74;-2;-1;0
04/06/2026 0:07;34119;321;-1033;-16; 100.70;-1;0;0
04/06/2026 0:07;34154;310;-991;-16; 56.75;2;5;0
04/06/2026 0:07;34189;439;-833;-16; 7.53;7;3;0
04/06/2026 0:07;34224;648;-911;-8; 244.49;1;-4;0
04/06/2026 0:07;34259;665;-947;0; 121.44;-1;1;0
04/06/2026 0:07;34294;623;-822;-16; 182.96;-1;1;0
04/06/2026 0:07;34329;510;-841;-16; 153.46;-6;1;0
04/06/2026 0:07;34364;497;-803;-16; 194.36;-1;0;0
04/06/2026 0:07;34399;504;-774;-16; 308.62;2;-2;0
04/06/2026 0:07;34434;604;-861;-16; 299.83;1;-2;0
04/06/2026 0:07;34469;763;-1009;8; 356.08;7;-4;0
04/06/2026 0:07;34504;1014;-1066;24; 20.69;1;1;0
04/06/2026 0:07;34539;1022;-973;32; 94.51;-1;7;0
04/06/2026 0:07;34574;1039;-703;56; 54.08;0;6;0
04/06/2026 0:07;34609;1071;-586;56; 354.32;0;0;0
04/06/2026 0:07;34644;1242;-565;72; 354.32;7;-1;0
04/06/2026 0:07;34679;1422;-683;72; 252.37;0;-8;0
04/06/2026 0:07;34714;1308;-923;136; 248.85;-5;-7;0
04/06/2026 0:07;34749;1204;-1188;136; 217.21;-5;-7;0
04/06/2026 0:07;34784;1040;-1360;136; 204.90;-1;-2;0
04/06/2026 0:07;34823;1009;-1401;136; 166.23;2;-1;0
04/06/2026 0:07;34858;904;-1384;136; 185.57;-6;-1;0
04/06/2026 0:07;34893;716;-1404;120; 169.67;-10;0;0
04/06/2026 0:07;34928;648;-1382;112; 260.10;-1;0;0
04/06/2026 0:07;35339;608;25;0; 271.76;0;-5;0
04/06/2026 0:07;35374;615;-204;0; 271.76;0;-6;0
04/06/2026 0:07;35409;625;-437;-16; 299.88;2;-8;0
04/06/2026 0:07;35444;731;-676;-16; 340.31;0;-3;0
04/06/2026 0:07;35479;611;-726;-16; 33.05;1;1;0
04/06/2026 0:07;35514;731;-662;-16; 31.29;0;0;0
04/06/2026 0:07;35549;772;-518;-16; 59.41;2;7;0
04/06/2026 0:07;35584;951;-336;0; 326.25;7;-1;0
04/06/2026 0:07;35619;1037;-400;0; 203.20;-1;-1;0
04/06/2026 0:07;35654;840;-364;-16; 187.38;-9;1;0
04/06/2026 0:07;35689;573;-376;-16; 204.96;-8;-2;0
04/06/2026 0:07;35724;439;-415;-16; 201.45;-7;-3;0
04/06/2026 0:07;35778;414;-464;-16; 298.12;1;-6;0
04/06/2026 0:07;35813;536;-694;-16; 294.61;4;-8;0
04/06/2026 0:08;35848;676;-946;0; 328.01;5;-6;0
04/06/2026 0:08;35883;930;-1001;24; 41.84;7;2;0
04/06/2026 0:08;35918;1039;-974;32; 103.36;0;-5;0
04/06/2026 0:08;35953;1001;-928;32; 99.84;-2;7;0
04/06/2026 0:08;35988;974;-650;56; 73.48;0;8;0
04/06/2026 0:08;36023;991;-483;56; 357.89;-7;1;0
04/06/2026 0:08;36058;863;-560;61; 20.74;-7;-4;0
04/06/2026 0:08;36093;860;-643;-16; 319.22;2;-1;0
04/06/2026 0:08;36128;878;-494;0; 196.17;1;3;0
04/06/2026 0:08;36163;738;-436;-16; 194.41;-8;0;0
04/06/2026 0:08;36198;479;-513;-16; 161.02;-8;-1;0
04/06/2026 0:08;36233;408;-511;-16; 241.88;-1;-4;0
04/06/2026 0:08;36268;474;-640;-16; 308.67;4;-6;0
04/06/2026 0:08;36303;634;-873;-16; 322.73;5;-7;0
04/06/2026 0:08;36338;789;-993;16; 20.74;3;0;0
04/06/2026 0:08;36373;997;-972;32; 59.41;6;4;0
04/06/2026 0:08;36408;1026;-729;56; 68.20;0;8;0
04/06/2026 0:08;36452;1044;-655;56; 98.09;-2;-7;0
04/06/2026 0:08;36487;951;-597;56; 85.78;-3;3;0
04/06/2026 0:08;36522;1049;-518;56; 1.41;7;0;0
04/06/2026 0:08;36557;1317;-548;72; 289.34;5;-6;0
04/06/2026 0:08;36592;1399;-744;88; 231.33;0;-2;0
04/06/2026 0:08;36627;1418;-658;72; 252.42;-2;1;0
04/06/2026 0:08;36662;1383;-725;88; 240.12;-4;-7;0
04/06/2026 0:08;36697;1264;-957;136; 270.00;-2;-5;0
04/06/2026 0:08;36732;1230;-932;136; 320.98;-4;6;0
04/06/2026 0:08;36767;1347;-909;136; 18.98;4;-1;0
04/06/2026 0:08;36802;1388;-856;122; 80.51;1;5;0
04/06/2026 0:08;36837;1440;-698;88; 203.55;-3;-1;0
04/06/2026 0:08;36872;1288;-859;120; 245.74;-4;-7;0
04/06/2026 0:08;36907;1208;-1131;136; 263.32;-2;-9;0
04/06/2026 0:08;36942;1148;-1284;136; 326.60;-5;3;0
04/06/2026 0:08;36977;1080;-1282;136; 273.87;-1;-6;0
04/06/2026 0:08;37012;1082;-1374;136; 307.27;0;-1;0
04/06/2026 0:08;37047;1040;-1316;136; 347.70;0;0;0
04/06/2026 0:08;37082;1209;-1235;136; 36.91;6;4;0
04/06/2026 0:08;37117;1310;-1180;136; 273.87;-1;3;0
04/06/2026 0:08;37152;1251;-1270;136; 270.35;-2;-8;0
04/06/2026 0:08;37187;1327;-1471;136; 5.27;0;-2;0
04/06/2026 0:08;37222;1327;-1457;136; 5.27;0;0;0
04/06/2026 0:08;37257;1443;-1401;136; 47.46;-2;-2;2
04/06/2026 0:08;37292;1440;-1403;136; 59.77;0;1;2
04/06/2026 0:08;37327;1434;-1408;204; 61.52;-1;-1;2
04/06/2026 0:08;37362;1544;-1273;240; 40.43;1;0;0
04/06/2026 0:08;37397;1632;-1103;240; 93.16;1;7;0
04/06/2026 0:08;37432;1669;-1033;240; 216.21;-3;-2;0
04/06/2026 0:08;37467;1615;-1133;240; 291.72;2;-8;0
04/06/2026 0:08;37502;1646;-1172;240; 236.07;-2;-3;0
04/06/2026 0:08;37537;1595;-1384;240; 325.71;3;-7;0
04/06/2026 0:08;37572;1615;-1413;240; 62.39;0;3;0
04/06/2026 0:08;37607;1615;-1301;240; 46.57;0;5;0
04/06/2026 0:08;37642;1587;-1292;240; 135.10;-2;1;0
04/06/2026 0:08;37677;1593;-1381;240; 143.89;-1;-3;0
04/06/2026 0:08;37712;1478;-1273;240; 61.27;0;0;0
04/06/2026 0:08;37747;1625;-1241;240; 24.36;6;3;0
04/06/2026 0:08;37782;1743;-1263;240; 278.89;0;-3;0
04/06/2026 0:08;37817;1725;-1454;240; 264.83;-2;-8;0
04/06/2026 0:08;37852;1721;-1530;240; 24.36;3;1;0
04/06/2026 0:08;37887;1799;-1457;240; 357.99;5;-1;0
04/06/2026 0:08;37927;1764;-1457;240; 110.49;-2;0;0
04/06/2026 0:09;37962;1712;-1354;240; 103.46;-1;5;0
04/06/2026 0:09;37997;1653;-1131;240; 150.92;-6;5;0
04/06/2026 0:09;38032;1400;-1050;240; 221.23;-8;-3;0
04/06/2026 0:09;38067;1364;-1212;240; 300.33;1;-8;0
04/06/2026 0:09;38105;1387;-1264;240; 73.93;0;1;0
04/06/2026 0:09;38140;1419;-1078;240; 52.83;3;6;0
04/06/2026 0:09;38175;1538;-1009;240; 5.37;5;0;0
04/06/2026 0:09;38210;1687;-1030;240; 96.78;0;-3;0
04/06/2026 0:09;38245;1674;-1020;240; 80.96;0;-6;0
04/06/2026 0:09;38280;1676;-1082;240; 353.07;-1;-1;0
04/06/2026 0:09;38315;1489;-1082;240; 58.11;-3;0;0
04/06/2026 0:09;38350;1520;-960;240; 349.55;0;1;3
04/06/2026 0:09;38385;1521;-1021;240; 288.03;0;-7;0
04/06/2026 0:09;38420;1677;-1165;240; 14.16;3;-1;0
04/06/2026 0:09;38455;1555;-1160;240; 356.58;-4;0;0
04/06/2026 0:09;38490;1447;-1152;240; 340.76;-3;0;0
04/06/2026 0:09;38525;1415;-1149;240; 346.04;1;-1;0
04/06/2026 0:09;38560;1542;-1165;240; 3.62;0;-1;0
04/06/2026 0:09;38595;1740;-1158;240; 8.89;7;1;0
04/06/2026 0:09;38630;1919;-1069;240; 119.63;0;-2;0
04/06/2026 0:09;38665;1794;-1085;240; 202.25;-5;-1;0
04/06/2026 0:09;38700;1853;-1045;240; 202.25;0;0;0
04/06/2026 0:09;38735;1912;-1087;240; 242.68;0;-6;0
04/06/2026 0:09;38770;1869;-1200;240; 160.06;4;0;0
04/06/2026 0:09;38805;1907;-1183;240; 160.57;1;0;0
04/06/2026 0:10;40815;608;37;0; 270.00;0;-4;0
04/06/2026 0:10;40850;608;-207;0; 275.27;0;-9;0
04/06/2026 0:10;40885;638;-501;-16; 287.58;2;-9;0
04/06/2026 0:10;40920;592;-759;-16; 169.80;-7;-3;0
04/06/2026 0:10;40955;542;-814;-16; 81.91;1;4;0
04/06/2026 0:10;40990;554;-686;-16; 78.40;-1;-1;0
04/06/2026 0:10;41025;551;-779;-16; 52.03;4;2;0
04/06/2026 0:10;41060;599;-554;-16; 81.91;-1;8;0
04/06/2026 0:10;41095;562;-272;-16; 71.37;-1;8;0
04/06/2026 0:10;41130;726;-84;0; 359.30;7;2;0
04/06/2026 0:10;41165;982;-154;0; 329.41;6;-5;0
04/06/2026 0:10;41200;1097;-304;0; 223.95;-3;-1;0
04/06/2026 0:10;41235;933;-400;0; 176.48;-7;0;0
04/06/2026 0:10;41270;667;-441;-16; 192.30;-11;-3;0
04/06/2026 0:10;41305;410;-488;-16; 257.34;0;3;0
04/06/2026 0:10;41340;503;-582;-16; 354.02;6;-4;0
04/06/2026 0:10;41375;734;-594;-16; 348.75;2;0;0
04/06/2026 0:10;41410;707;-625;-16; 273.16;0;-7;0
04/06/2026 0:10;41445;689;-888;-8; 280.20;0;-9;0
04/06/2026 0:10;41480;812;-1062;16; 36.21;3;2;0
04/06/2026 0:10;41515;971;-937;32; 83.67;2;6;0
04/06/2026 0:10;41550;985;-714;56; 87.19;-1;2;0
04/06/2026 0:10;41585;1029;-568;56; 117.07;0;3;0
04/06/2026 0:10;41620;1004;-570;56; 1.05;1;-1;0
04/06/2026 0:10;41655;1215;-533;72; 359.30;4;0;0
04/06/2026 0:10;41690;1346;-585;72; 280.20;3;-5;0
04/06/2026 0:10;41725;1381;-782;104; 232.73;2;0;0
04/06/2026 0:10;41760;1449;-710;88; 180.00;-1;0;0
04/06/2026 0:10;41802;1374;-827;120; 267.89;-3;-8;0
04/06/2026 0:10;41837;1295;-948;136; 144.84;2;-2;0
04/06/2026 0:10;41872;1294;-843;120; 60.47;0;7;0
04/06/2026 0:10;41907;1356;-591;72; 99.14;1;7;0
04/06/2026 0:10;41942;1397;-521;72; 222.19;-2;-3;0
04/06/2026 0:10;41977;1327;-675;72; 253.83;-1;-6;0
04/06/2026 0:10;42012;1268;-934;136; 257.34;-3;-8;0
04/06/2026 0:10;42047;1200;-1167;136; 255.59;0;-1;0
04/06/2026 0:11;42125;1202;-1156;136; 266.13;0;0;0
04/06/2026 0:11;42160;1214;-1208;136; 280.20;1;-7;0
04/06/2026 0:11;42195;1122;-1416;136; 164.18;-8;-2;0
04/06/2026 0:11;42230;976;-1364;136; 90.35;-1;5;0
04/06/2026 0:11;42265;1088;-1344;136; 56.95;5;3;0
04/06/2026 0:11;42300;1174;-1169;136; 62.23;2;0;0
04/06/2026 0:11;42335;1252;-1049;136; 48.16;0;3;0
04/06/2026 0:11;42370;1204;-1045;136; 285.12;1;-3;0
04/06/2026 0:11;42405;1273;-1272;136; 307.97;3;-8;0
04/06/2026 0:11;42440;1290;-1280;136; 246.45;-2;-8;0
04/06/2026 0:11;42475;1253;-1343;136; 281.60;-1;-7;0
04/06/2026 0:11;42510;1324;-1482;136; 44.65;-3;-3;0
04/06/2026 0:11;42545;1344;-1440;136; 13.01;4;2;2
04/06/2026 0:11;42580;1428;-1411;136; 44.65;0;0;2
04/06/2026 0:11;42615;1454;-1361;136; 65.74;0;0;2
04/06/2026 0:11;42652;1433;-1434;212; 71.02;-1;-1;2
04/06/2026 0:11;42687;1518;-1337;240; 51.68;4;5;0
04/06/2026 0:11;42722;1643;-1097;240; 120.23;0;4;0
04/06/2026 0:11;42757;1605;-1076;240; 243.28;-5;-5;0
04/06/2026 0:11;42792;1558;-1259;240; 343.48;-3;-1;0
04/06/2026 0:11;42827;1573;-1216;240; 4.40;3;1;0
04/06/2026 0:11;42862;1697;-1258;240; 313.43;5;-5;0
04/06/2026 0:11;42897;1737;-1428;240; 266.86;-1;-8;0
04/06/2026 0:11;42932;1759;-1488;240; 339.18;2;-1;0
04/06/2026 0:11;43001;1727;-1450;240; 126.84;-5;2;0
04/06/2026 0:11;43036;1712;-1274;240; 105.75;-1;5;0
04/06/2026 0:11;43071;1546;-1144;240; 207.70;-8;-2;0
04/06/2026 0:11;43106;1394;-1176;240; 241.10;-3;-1;0
04/06/2026 0:11;43141;1360;-1244;240; 151.45;-1;0;0
04/06/2026 0:11;43176;1384;-1077;240; 44.22;3;6;0
04/06/2026 0:11;43211;1569;-1041;240; 12.58;7;0;0
04/06/2026 0:11;43246;1672;-979;240; 135.63;-1;1;0
04/06/2026 0:11;43281;1712;-1039;240; 133.87;0;-1;0
04/06/2026 0:11;43316;1669;-993;240; 112.78;-4;3;0
04/06/2026 0:11;43351;1654;-980;240; 156.72;-1;0;0
04/06/2026 0:11;43386;1569;-1020;240; 156.72;-7;1;0
04/06/2026 0:11;43421;1493;-944;240; 53.01;1;0;3
04/06/2026 0:11;43456;1520;-976;240; 293.48;0;-5;3
04/06/2026 0:11;43491;1668;-1098;240; 358.52;7;-2;0
04/06/2026 0:11;43526;1727;-1110;240; 358.84;7;-1;0
04/06/2026 0:11;43561;1727;-1097;240; 6.18;3;0;0
04/06/2026 0:11;43596;1752;-1093;240; 251.92;0;0;0
04/06/2026 0:11;43631;1741;-1133;240; 220.41;-4;-3;0
04/06/2026 0:11;43666;1737;-1163;240; 191.65;-1;-1;0
04/06/2026 0:11;43701;1645;-1260;240; 232.08;-5;-6;0
04/06/2026 0:11;43736;1643;-1272;240; 147.57;-1;0;0
04/06/2026 0:12;45053;608;10;0; 270.00;0;-5;0
04/06/2026 0:12;45088;619;-239;-9; 262.97;0;-9;0
04/06/2026 0:12;45123;621;-339;-16; 264.73;0;-1;0
04/06/2026 0:12;45158;618;-530;-16; 291.09;0;-7;0
04/06/2026 0:12;45193;719;-630;-16; 27.77;2;-1;0
04/06/2026 0:12;45228;722;-543;-16; 150.82;-5;5;0
04/06/2026 0:12;45263;483;-429;-16; 173.67;-8;2;0
04/06/2026 0:12;45301;441;-472;-16; 80.51;1;-7;0
04/06/2026 0:12;45336;560;-510;-16; 20.74;7;2;0
04/06/2026 0:12;45371;824;-411;-16; 10.20;7;2;0
04/06/2026 0:12;45406;977;-395;0; 62.93;1;2;0
04/06/2026 0:12;45441;937;-360;0; 350.86;-2;-1;0
04/06/2026 0:12;45476;1071;-369;0; 73.48;1;0;0
04/06/2026 0:12;45511;978;-199;0; 143.79;-6;5;0
04/06/2026 0:12;45546;801;-37;0; 143.79;-7;4;0
04/06/2026 0:12;45581;659;35;0; 164.88;-5;0;0
04/06/2026 0:12;45616;592;50;0; 194.77;-1;-1;0
04/06/2026 0:12;45651;508;26;0; 207.07;-4;-3;0
04/06/2026 0:12;45686;489;-135;0; 305.51;3;-7;0
04/06/2026 0:12;45721;612;-392;-16; 277.38;2;-8;0
04/06/2026 0:12;45756;624;-678;-16; 263.32;-2;-9;0
04/06/2026 0:12;45791;710;-935;0; 317.81;5;-7;0
04/06/2026 0:12;45826;947;-1032;24; 50.98;6;3;0
04/06/2026 0:12;45861;1039;-892;40; 86.13;0;4;0
04/06/2026 0:12;45896;1008;-754;56; 114.26;-1;0;0
04/06/2026 0:12;45931;971;-662;56; 84.38;-2;4;0
04/06/2026 0:12;45966;863;-688;46; 351.21;-4;0;0
04/06/2026 0:12;46001;839;-771;-16; 265.08;-1;-3;0
04/06/2026 0:12;46036;729;-880;-16; 242.23;-2;-1;0
04/06/2026 0:12;46071;610;-938;-8; 265.08;-1;-1;0
04/06/2026 0:12;46106;692;-991;0; 351.21;3;-1;0
04/06/2026 0:12;46141;931;-990;24; 24.61;7;1;0
04/06/2026 0:12;46176;1023;-849;40; 103.71;-2;6;0
04/06/2026 0:12;46211;1050;-593;56; 12.30;5;4;0
04/06/2026 0:12;46246;1274;-568;72; 328.36;2;0;0
04/06/2026 0:13;46281;1314;-568;72; 294.96;1;-1;0
04/06/2026 0:13;46316;1338;-732;88; 251.02;-1;-5;0
04/06/2026 0:13;46351;1389;-592;72; 259.80;0;3;0
04/06/2026 0:13;46386;1364;-690;88; 247.50;-3;-8;0
04/06/2026 0:13;46421;1283;-961;136; 268.59;-2;-9;0
04/06/2026 0:13;46456;1253;-1212;136; 235.20;-2;-4;0
04/06/2026 0:13;46491;1179;-1343;136; 256.29;-1;-1;0
04/06/2026 0:13;46548;1175;-1343;136; 279.14;0;-3;0
04/06/2026 0:13;46583;1233;-1442;136; 22.85;0;-1;0
04/06/2026 0:13;46618;1284;-1345;136; 98.44;-1;7;0
04/06/2026 0:13;46653;1238;-1210;136; 77.34;0;8;0
04/06/2026 0:13;46688;1301;-932;136; 61.52;3;7;0
04/06/2026 0:13;46723;1426;-686;88; 335.39;-1;4;0
04/06/2026 0:13;46758;1411;-706;88; 249.26;-1;-7;0
04/06/2026 0:13;46793;1362;-960;136; 224.65;-3;0;0
04/06/2026 0:13;46828;1341;-922;136; 198.28;-7;-1;0
04/06/2026 0:13;46863;1201;-1077;136; 277.38;0;-6;0
04/06/2026 0:13;46898;1250;-1328;136; 328.36;4;-7;0
04/06/2026 0:13;46933;1294;-1407;136; 0.00;0;0;0
04/06/2026 0:13;46968;1434;-1422;136; 61.52;-1;-3;2
04/06/2026 0:13;47003;1429;-1451;136; 38.67;-1;-1;2
04/06/2026 0:13;47115;1556;-1471;240; 43.95;1;-1;0
04/06/2026 0:13;47150;1575;-1347;240; 112.50;-1;7;0
04/06/2026 0:13;47185;1599;-1286;240; 94.92;0;0;0
04/06/2026 0:13;47220;1596;-1113;240; 149.41;-4;5;0
04/06/2026 0:13;47255;1599;-1009;240; 272.46;1;0;0
04/06/2026 0:13;47290;1601;-1009;240; 298.83;-1;0;0
04/06/2026 0:13;47325;1686;-1126;240; 290.04;1;-2;0
04/06/2026 0:13;47360;1709;-1177;240; 283.01;1;-5;0
04/06/2026 0:13;47395;1736;-1233;240; 271.28;0;-6;0
04/06/2026 0:13;47430;1712;-1357;240; 277.51;-1;-8;0
04/06/2026 0:13;47465;1738;-1470;240; 1.88;0;-1;0
04/06/2026 0:13;47500;1797;-1488;240; 114.38;0;-1;0
04/06/2026 0:13;47554;1712;-1495;240; 230.40;0;-1;0
04/06/2026 0:13;47589;1738;-1552;240; 263.80;0;-1;0
04/06/2026 0:13;47624;1712;-1544;240; 140.75;-1;2;0
04/06/2026 0:13;47659;1712;-1383;240; 82.74;0;6;0
04/06/2026 0:13;47694;1634;-1151;240; 163.60;-7;4;0
04/06/2026 0:13;47729;1380;-1165;240; 249.74;-7;-6;0
04/06/2026 0:13;47770;1391;-1243;240; 174.15;-1;0;0
04/06/2026 0:13;47805;1360;-1109;240; 86.26;0;7;5
04/06/2026 0:13;47840;1474;-1034;240; 24.74;6;1;0
04/06/2026 0:13;47875;1654;-1006;240; 45.83;5;1;0
04/06/2026 0:13;47910;1662;-977;240; 116.14;-2;0;0
04/06/2026 0:13;47945;1674;-982;240; 5.40;1;-1;0
04/06/2026 0:13;47980;1743;-1053;240; 330.24;0;-2;0
04/06/2026 0:13;48015;1713;-1222;240; 210.71;-5;-6;0
04/06/2026 0:13;48061;1643;-1272;240; 207.54;-7;-2;0
04/06/2026 0:13;48096;1632;-1272;240; 222.37;-5;-1;0
04/06/2026 0:13;48131;1547;-1321;240; 292.69;1;-5;0
04/06/2026 0:13;48166;1560;-1485;240; 185.46;2;0;0
04/06/2026 0:13;48201;1572;-1426;240; 151.27;-6;4;0
04/06/2026 0:13;48236;1572;-1424;240; 181.10;-5;-1;0
04/06/2026 0:13;48272;1615;-1440;240; 138.91;0;-1;0
04/06/2026 0:13;48322;1614;-1487;240; 144.19;-2;1;0
04/06/2026 0:13;48357;1443;-1350;240; 82.66;-4;6;2
04/06/2026 0:14;48392;1533;-1273;240; 36.96;6;0;0
04/06/2026 0:14;48427;1627;-1095;240; 133.64;-3;7;0
04/06/2026 0:14;48462;1493;-983;240; 87.94;-3;5;3
04/06/2026 0:14;48497;1501;-944;240; 324.89;-4;0;3
04/06/2026 0:14;48538;1513;-1101;240; 330.16;4;-7;0
04/06/2026 0:14;48573;1702;-1150;240; 348.81;9;-1;0
04/06/2026 0:14;48608;1702;-1160;240; 0.01;7;0;0
04/06/2026 0:14;48643;1733;-1155;240; 3.53;4;0;0
04/06/2026 0:14;48678;1810;-1116;240; 256.30;0;5;0
04/06/2026 0:14;48713;1796;-1049;240; 212.36;-6;-1;0
04/06/2026 0:14;48748;1711;-1110;240; 286.88;1;-7;0
04/06/2026 0:14;48783;1717;-1164;240; 207.34;-6;-4;0
04/06/2026 0:14;48818;1729;-1201;240; 126.48;-4;3;0
04/06/2026 0:14;48853;1664;-1090;240; 6.52;-2;0;0
04/06/2026 0:14;50224;608;47;0; 273.52;0;-2;0
04/06/2026 0:14;50259;619;-174;0; 266.48;-1;-9;0
04/06/2026 0:14;50294;613;-455;-16; 285.82;-1;-5;0
04/06/2026 0:14;50329;731;-632;-16; 18.98;7;-2;0
04/06/2026 0:14;50364;875;-476;0; 110.39;-1;7;0
04/06/2026 0:14;50399;726;-439;-16; 184.22;-8;0;0
04/06/2026 0:14;50434;461;-475;-16; 198.28;-5;-2;0
04/06/2026 0:15;50469;421;-463;-16; 284.41;-1;4;0
04/06/2026 0:15;50504;506;-578;-16; 279.14;1;-8;0
04/06/2026 0:15;50539;604;-838;-16; 307.27;4;-7;0
04/06/2026 0:15;50574;653;-971;0; 349.45;-6;2;0
04/06/2026 0:15;50609;702;-999;0; 316.05;5;-3;0
04/06/2026 0:15;50644;940;-1031;24; 47.46;6;3;0
04/06/2026 0:15;50679;1030;-797;48; 98.44;-1;8;0
04/06/2026 0:15;50714;965;-596;56; 154.69;-6;5;0
04/06/2026 0:15;50749;772;-408;-16; 75.59;-2;7;0
04/06/2026 0:15;50784;789;-132;0; 94.92;0;8;0
04/06/2026 0:15;50819;775;123;0; 54.49;-2;1;0
04/06/2026 0:15;50854;824;158;0; 68.55;4;5;0
04/06/2026 0:15;50892;848;201;0; 340.66;-1;0;0
04/06/2026 0:15;50928;888;146;0; 301.99;0;-1;0
04/06/2026 0:15;50971;881;158;0; 296.72;-3;4;0
04/06/2026 0:15;51006;873;78;0; 291.45;2;-8;1
04/06/2026 0:15;51041;973;-187;0; 291.45;3;-8;0
04/06/2026 0:15;51076;1023;-400;0; 224.65;-3;-1;0
04/06/2026 0:15;51111;824;-387;-16; 173.67;-9;0;0
04/06/2026 0:15;51146;599;-485;-16; 289.69;-2;-8;0
04/06/2026 0:15;51181;702;-719;-16; 256.29;1;-8;0
04/06/2026 0:15;51216;703;-994;0; 319.57;3;-8;0
04/06/2026 0:15;51251;919;-1043;24; 24.61;7;2;0
04/06/2026 0:15;51286;1014;-1029;24; 72.07;-1;0;0
04/06/2026 0:15;51321;1011;-818;48; 89.65;0;8;0
04/06/2026 0:15;51356;1097;-562;56; 5.27;6;4;0
04/06/2026 0:15;51391;1361;-552;72; 301.99;6;-4;0
04/06/2026 0:15;51426;1413;-771;104; 265.08;-2;-8;0
04/06/2026 0:15;51461;1401;-889;136; 182.46;-5;-1;0
04/06/2026 0:15;51496;1303;-944;136; 71.72;-1;-1;0
04/06/2026 0:15;51531;1364;-865;120; 89.30;1;0;0
04/06/2026 0:15;51566;1391;-921;136; 136.76;0;-1;0
04/06/2026 0:15;51638;1365;-920;136; 163.12;-5;1;0
04/06/2026 0:15;51673;1190;-913;136; 273.87;-2;-5;0
04/06/2026 0:15;51708;1192;-1008;136; 307.27;2;-1;0
04/06/2026 0:15;51743;1242;-1188;136; 258.05;-1;-6;0
04/06/2026 0:15;51778;1238;-1242;136; 249.26;-1;-1;0
04/06/2026 0:15;51813;1246;-1227;136; 247.50;0;0;0
04/06/2026 0:15;51857;1168;-1364;136; 200.04;-7;-5;0
04/06/2026 0:15;51892;976;-1413;136; 106.88;0;0;0
04/06/2026 0:15;51927;1038;-1434;136; 24.26;6;2;0
04/06/2026 0:15;51962;1303;-1385;136; 349.10;8;-1;0
04/06/2026 0:15;51998;1337;-1397;136; 349.10;3;-1;0
04/06/2026 0:15;52033;1430;-1413;136; 54.14;-1;-1;2
04/06/2026 0:15;52068;1427;-1423;136; 54.14;0;0;2
04/06/2026 0:15;52125;1444;-1400;240; 54.14;2;3;2
04/06/2026 0:15;52160;1573;-1267;240; 4.92;2;0;0
04/06/2026 0:15;52195;1601;-1260;240; 26.02;0;0;0
04/06/2026 0:15;52245;1652;-1272;240; 322.73;2;-1;0
04/06/2026 0:15;52280;1741;-1339;240; 259.45;-1;-6;0
04/06/2026 0:15;52315;1738;-1414;240; 278.79;0;-5;0
04/06/2026 0:15;52350;1712;-1457;240; 329.77;-1;1;0
04/06/2026 0:15;52385;1743;-1447;240; 331.52;0;-2;0
04/06/2026 0:15;52420;1776;-1488;240; 43.59;-5;-1;0
04/06/2026 0:15;52455;1718;-1369;240; 85.78;0;7;0
04/06/2026 0:15;52490;1638;-1119;240; 164.88;-7;4;0
04/06/2026 0:15;52525;1375;-1058;240; 226.41;-8;-3;0
04/06/2026 0:16;52560;1360;-1216;240; 277.38;0;-8;0
04/06/2026 0:16;52595;1369;-1252;240; 40.43;3;2;0
04/06/2026 0:16;52630;1441;-1105;240; 17.58;5;4;0
04/06/2026 0:16;52665;1688;-1010;240; 65.04;-1;1;0
04/06/2026 0:16;52700;1670;-977;240; 116.02;-2;0;0
04/06/2026 0:16;52735;1642;-1003;240; 161.72;-1;-1;0
04/06/2026 0:16;52770;1534;-1009;240; 144.14;-6;0;0
04/06/2026 0:16;52806;1487;-944;240; 193.36;-1;-1;3
04/06/2026 0:16;52841;1491;-1096;240; 297.07;1;-8;0
04/06/2026 0:16;52876;1585;-1207;240; 279.49;3;-6;0
04/06/2026 0:16;52911;1552;-1388;240; 189.84;-1;-4;0
04/06/2026 0:16;52946;1406;-1421;205; 223.24;-7;-3;2
04/06/2026 0:16;52981;1232;-1461;136; 140.62;-7;2;0
04/06/2026 0:16;53016;1208;-1289;136; 84.38;0;7;0
04/06/2026 0:16;53051;1244;-1006;136; 61.52;2;7;0
04/06/2026 0:16;53086;1363;-731;99; 89.65;3;8;0
04/06/2026 0:16;53121;1304;-499;72; 195.12;-8;0;0
04/06/2026 0:16;53156;1030;-552;56; 214.45;-8;-4;0
04/06/2026 0:16;53191;780;-704;-16; 214.45;-8;-5;0
04/06/2026 0:16;53226;518;-843;-16; 214.45;-8;-5;0
04/06/2026 0:16;53261;248;-946;-16; 168.75;-9;-1;0
04/06/2026 0:16;53296;210;-911;-16; 45.70;2;1;0
04/06/2026 0:16;53331;247;-965;-16; 326.60;5;-5;0
04/06/2026 0:16;53366;315;-943;-16; 279.14;0;2;0
04/06/2026 0:16;53401;330;-1045;-16; 236.95;0;-2;0
04/06/2026 0:16;53436;367;-1068;-16; 161.37;0;0;0
04/06/2026 0:16;53471;272;-983;-16; 207.07;-1;-1;0
04/06/2026 0:16;53506;298;-1149;-16; 330.12;4;-6;0
04/06/2026 0:16;53541;438;-1178;-16; 26.37;3;1;0
04/06/2026 0:16;53576;523;-1139;0; 26.37;0;0;0
04/06/2026 0:16;53611;609;-1140;16; 119.53;0;-5;0
04/06/2026 0:16;53646;511;-1056;16; 142.38;-3;3;0
04/06/2026 0:16;53691;470;-1064;16; 200.39;-4;-1;0
04/06/2026 0:16;53726;470;-1069;16; 168.75;-9;0;0
04/06/2026 0:16;53761;494;-1071;16; 247.85;-2;-5;0
04/06/2026 0:16;53796;376;-1282;-16; 270.70;-3;-8;0
04/06/2026 0:16;53831;352;-1410;-16; 244.34;1;3;0
04/06/2026 0:16;53866;370;-1377;-16; 270.70;0;0;0
04/06/2026 0:16;53901;378;-1185;-16; 267.19;0;7;0
04/06/2026 0:16;53936;381;-1112;-16; 212.70;0;0;0
04/06/2026 0:16;53971;256;-1091;-16; 177.54;-8;1;0
04/06/2026 0:16;54006;203;-1164;-16; 240.82;-2;-6;0
04/06/2026 0:16;54041;220;-1168;-16; 124.80;2;0;0
04/06/2026 0:16;54076;81;-1109;-16; 217.97;-7;-1;14
04/06/2026 0:16;54111;90;-1100;-8; 263.67;-1;-6;14
04/06/2026 0:16;54146;80;-1179;48; 270.70;0;-5;14
04/06/2026 0:16;54181;83;-1421;40; 270.70;0;-3;0
04/06/2026 0:16;54216;82;-1269;40; 270.70;-1;2;0
04/06/2026 0:16;54251;83;-1384;40; 270.70;0;-8;0
04/06/2026 0:16;54292;120;-1452;40; 189.84;5;2;0
04/06/2026 0:16;54327;80;-1422;40; 175.78;-1;-1;0
04/06/2026 0:16;54362;80;-1303;40; 121.29;-1;6;0
04/06/2026 0:16;54397;80;-1205;48; 358.24;-1;-2;0
04/06/2026 0:16;54432;108;-1247;48; 328.36;0;-1;0
04/06/2026 0:16;54467;180;-1284;40; 316.05;3;-3;0
04/06/2026 0:16;54502;293;-1470;-16; 273.87;1;-8;0
04/06/2026 0:16;54537;310;-1495;-16; 265.08;-1;-5;0
04/06/2026 0:16;54572;290;-1650;-16; 268.59;-1;-1;0
04/06/2026 0:16;54607;258;-1861;-8; 252.77;-3;-8;0
04/06/2026 0:17;54642;131;-2101;0; 171.91;-7;-3;0
04/06/2026 0:17;54677;165;-2100;0; 94.57;-1;5;0
04/06/2026 0:17;54712;176;-1941;0; 36.56;2;2;0
04/06/2026 0:17;54747;279;-1815;-8; 85.78;2;6;0
04/06/2026 0:17;54782;359;-1698;-16; 205.31;0;0;0
04/06/2026 0:17;54817;211;-1684;-16; 178.95;-8;-1;0
04/06/2026 0:17;54852;165;-1645;-16; 217.62;-5;-2;0
04/06/2026 0:17;54887;112;-1696;-16; 113.91;2;0;0
04/06/2026 0:17;54922;105;-1614;-16; 87.54;0;-5;0
04/06/2026 0:17;54957;85;-1673;-16; 18.98;-5;-2;0
04/06/2026 0:17;55010;77;-1690;-16; 115.66;-2;2;0
04/06/2026 0:17;55045;114;-1603;-16; 231.68;5;3;0
04/06/2026 0:17;55080;142;-1670;-16; 354.73;-4;-1;0
04/06/2026 0:17;55115;77;-1661;-16; 73.83;0;4;0
04/06/2026 0:17;55150;69;-1618;-16; 347.70;0;0;0
04/06/2026 0:17;55185;98;-1696;-16; 310.78;2;-1;0
04/06/2026 0:17;55220;144;-1661;-16; 52.73;0;0;0
04/06/2026 0:17;55265;151;-1673;-16; 123.05;-1;-1;0
04/06/2026 0:17;55300;102;-1601;-16; 84.38;-1;0;0
04/06/2026 0:17;55350;138;-1619;-16; 344.18;2;-3;0
04/06/2026 0:17;55385;265;-1685;-16; 307.27;2;-1;0
04/06/2026 0:17;55420;250;-1725;-16; 207.07;-5;-4;0
04/06/2026 0:17;55455;240;-1807;-16; 99.84;3;-6;0
04/06/2026 0:17;55490;327;-1656;-16; 73.48;2;7;0
04/06/2026 0:17;55525;346;-1380;-16; 71.72;-1;8;0
04/06/2026 0:17;55560;457;-1188;-16; 99.84;1;0;0
04/06/2026 0:17;55595;398;-1161;-16; 164.88;-5;1;0
04/06/2026 0:17;55630;306;-1114;-16; 254.53;-1;-2;0
04/06/2026 0:17;55665;265;-1297;-16; 256.29;-2;-4;0
04/06/2026 0:17;55700;295;-1496;-16; 284.41;1;-8;0
04/06/2026 0:17;55735;305;-1778;-16; 245.74;-3;-8;0
04/06/2026 0:17;55770;303;-2021;-8; 338.91;3;-5;0
04/06/2026 0:17;55805;284;-2106;-8; 19.34;-7;-3;0
04/06/2026 0:17;55840;217;-2135;-8; 22.85;-1;-1;0
04/06/2026 0:17;55880;266;-2140;-8; 3.52;0;-1;0
04/06/2026 0:17;55915;215;-2144;-8; 352.97;-1;-1;0
04/06/2026 0:17;55960;231;-2145;-8; 358.24;4;-1;0
04/06/2026 0:17;55995;463;-2076;-8; 61.52;5;5;0
04/06/2026 0:17;56030;479;-1828;-16; 98.44;-3;7;0
04/06/2026 0:17;56065;505;-1761;-16; 3.52;5;0;0
04/06/2026 0:17;56100;729;-1781;64; 337.15;0;0;0
04/06/2026 0:17;56135;752;-1782;64; 338.91;5;-3;0
04/06/2026 0:17;56170;837;-1883;64; 96.68;-1;-7;0
04/06/2026 0:17;56205;820;-1846;64; 101.95;-2;6;0
04/06/2026 0:17;56240;705;-1609;96; 168.75;-7;4;0
04/06/2026 0:17;56275;613;-1614;119; 114.26;0;1;0
04/06/2026 0:17;56310;530;-1585;119; 108.98;-2;0;0
04/06/2026 0:17;56345;513;-1548;112; 73.83;-1;-1;0
04/06/2026 0:17;56380;549;-1424;112; 96.68;0;3;0
04/06/2026 0:17;56415;557;-1526;112; 31.64;2;-1;0
04/06/2026 0:17;56450;639;-1426;112; 354.73;6;1;0
04/06/2026 0:17;56485;845;-1433;128; 0.00;7;-1;0
04/06/2026 0:17;56526;871;-1436;128; 0.00;-2;-1;0
04/06/2026 0:17;56561;918;-1435;136; 12.30;2;0;0
04/06/2026 0:17;56596;1147;-1384;136; 352.97;8;0;0
04/06/2026 0:17;56631;1322;-1404;136; 309.02;-3;1;0
04/06/2026 0:17;56666;1235;-1356;136; 185.98;-6;-2;0
04/06/2026 0:17;56701;971;-1393;136; 185.98;-9;-1;0
04/06/2026 0:18;56736;675;-1403;118; 208.83;-10;-2;0
04/06/2026 0:18;56771;518;-1582;119; 324.84;2;-7;0
04/06/2026 0:18;56806;746;-1653;84; 326.60;7;0;0
04/06/2026 0:18;56841;870;-1706;64; 61.52;-1;0;0
04/06/2026 0:18;56876;879;-1617;64; 94.92;0;1;0
04/06/2026 0:18;56911;790;-1707;64; 340.66;-3;-2;0
04/06/2026 0:18;56946;879;-1852;64; 275.62;0;-5;0
04/06/2026 0:18;56981;872;-1830;64; 340.66;-1;0;0
04/06/2026 0:18;57016;879;-1787;64; 24.61;0;3;0
04/06/2026 0:18;57051;1061;-1730;72; 5.27;7;0;0
04/06/2026 0:18;57086;1175;-1688;72; 254.53;-3;3;0
04/06/2026 0:18;57121;1015;-1679;72; 198.28;-8;-1;0
04/06/2026 0:18;57156;888;-1712;64; 321.33;2;-3;0
04/06/2026 0:18;57191;1097;-1817;72; 301.99;6;-5;0
04/06/2026 0:18;57226;1107;-2034;72; 178.95;-7;-4;0
04/06/2026 0:18;57261;1043;-1969;72; 55.90;1;0;0
04/06/2026 0:18;57296;1086;-1994;72; 345.59;5;-3;0
04/06/2026 0:18;57331;1180;-2001;72; 262.97;-1;-4;0
04/06/2026 0:18;57366;1180;-2235;72; 247.15;0;-7;0
04/06/2026 0:18;57401;1149;-2245;72; 124.10;-5;3;0
04/06/2026 0:18;57436;1046;-2021;72; 41.48;2;7;0
04/06/2026 0:18;57471;1113;-1965;72; 69.61;3;2;0
04/06/2026 0:18;57506;1173;-1876;72; 192.66;1;-1;0
04/06/2026 0:18;57541;1109;-2025;72; 240.12;-3;-8;0
04/06/2026 0:18;57576;1040;-2210;72; 233.09;-1;-3;0
04/06/2026 0:18;57611;1049;-2296;72; 180.35;2;0;0
04/06/2026 0:18;57646;888;-2230;72; 178.59;-8;1;0
04/06/2026 0:18;57681;748;-2225;72; 211.99;1;1;0
04/06/2026 0:18;57716;800;-2255;72; 217.27;-3;-3;0
04/06/2026 0:18;57751;757;-2307;72; 178.59;1;0;0
04/06/2026 0:18;57786;701;-2313;72; 178.59;-6;0;0
04/06/2026 0:18;57821;553;-2322;72; 282.30;0;3;0
04/06/2026 0:18;57856;536;-2280;72; 338.86;0;0;0
When: 2026-06-04 00:19:39 Episode: 2 Map: 1;;;;;;;;
timestamp; tic; x; y; z; angle; momx; momy;
04/06/2026 0:19;60522;0;-93;8; 270.00;0;-7;0
04/06/2026 0:19;60557;8;-373;0; 282.30;1;-9;0
04/06/2026 0:19;60592;83;-650;0; 243.63;-1;-8;0
04/06/2026 0:19;60627;-54;-806;0; 153.98;-2;-1;0
04/06/2026 0:19;60662;-83;-824;0; 30.94;-1;0;0
04/06/2026 0:19;60697;92;-753;0; 60.82;6;4;0
04/06/2026 0:19;60732;89;-547;0; 129.38;-4;7;0
04/06/2026 0:19;60767;-89;-328;0; 129.38;-6;5;0
04/06/2026 0:19;60802;-325;-194;0; 185.62;-9;0;0
04/06/2026 0:19;60837;-588;-278;0; 182.11;-8;-3;0
04/06/2026 0:20;60872;-776;-256;-48; 74.88;-3;-2;0
04/06/2026 0:20;60907;-735;-261;-48; 32.70;5;3;0
04/06/2026 0:20;60942;-473;-226;0; 355.78;8;-1;0
04/06/2026 0:20;60977;-183;-228;0; 2.81;8;0;0
04/06/2026 0:20;61012;108;-221;0; 1.05;8;0;0
04/06/2026 0:20;61047;400;-218;0; 354.02;8;-1;0
04/06/2026 0:20;61082;694;-222;-30; 9.84;8;0;0
04/06/2026 0:20;61117;939;-227;-64; 106.52;1;-6;0
04/06/2026 0:20;61152;1115;-356;-64; 229.57;4;0;0
04/06/2026 0:20;61204;1011;-456;-64; 259.45;-4;-7;0
04/06/2026 0:20;61239;963;-727;-64; 299.88;1;-8;0
04/06/2026 0:20;61274;1007;-998;-80; 227.81;-3;-8;0
04/06/2026 0:20;61309;996;-1100;-72; 124.10;1;0;0
04/06/2026 0:20;61344;994;-960;-80; 101.25;-2;7;0
04/06/2026 0:20;61379;961;-679;-64; 85.43;0;8;0
04/06/2026 0:20;61414;964;-390;-64; 108.28;-2;8;0
04/06/2026 0:20;61449;783;-211;-48; 176.84;-8;1;0
04/06/2026 0:20;61484;497;-191;0; 183.87;-9;-1;0
04/06/2026 0:20;61519;218;-260;0; 213.75;-8;-4;0
04/06/2026 0:20;61554;62;-416;0; 180.35;2;-1;0
04/06/2026 0:20;61589;-6;-353;0; 169.80;-7;2;0
04/06/2026 0:20;61624;-279;-287;0; 169.80;-9;1;0
04/06/2026 0:20;61659;-567;-257;0; 178.59;-9;-1;0
04/06/2026 0:20;61694;-892;-232;-64; 113.55;-9;3;0
04/06/2026 0:20;61729;-901;-22;-64; 36.21;5;5;0
04/06/2026 0:20;61764;-686;135;-64; 27.42;4;4;0
04/06/2026 0:20;61799;-478;300;-64; 43.24;6;5;0
04/06/2026 0:20;61834;-373;509;-64; 113.55;-2;5;0
04/06/2026 0:20;61869;-557;548;-64; 236.60;-7;-4;0
04/06/2026 0:20;61904;-571;343;-64; 335.04;5;-5;0
04/06/2026 0:20;61939;-325;209;-64; 347.34;7;-4;0
04/06/2026 0:20;61974;-97;176;-48; 1.41;6;0;0
04/06/2026 0:20;62009;180;182;-56; 1.41;9;0;0
04/06/2026 0:20;62044;430;176;-64; 301.64;2;0;0
04/06/2026 0:20;62079;464;312;-64; 192.66;-4;0;0
04/06/2026 0:20;62114;269;194;-64; 213.75;-7;-6;0
04/06/2026 0:20;62149;69;193;-40; 208.48;-8;-2;0
04/06/2026 0:20;62184;-71;176;-40; 308.67;-2;0;0
04/06/2026 0:20;62219;-8;206;-40; 71.72;2;1;0
04/06/2026 0:20;62254;15;204;-40; 126.21;-3;4;0
04/06/2026 0:20;62292;136;176;-48; 127.97;2;0;0
04/06/2026 0:20;62327;195;191;-56; 34.80;4;2;0
04/06/2026 0:20;62362;349;268;-64; 71.72;3;6;0
04/06/2026 0:20;62397;396;532;-64; 94.57;-1;8;0
04/06/2026 0:20;62432;368;526;-64; 336.80;-1;0;0
04/06/2026 0:20;62467;416;443;-64; 313.95;4;-6;0
04/06/2026 0:20;62502;627;262;-64; 320.98;6;-5;0
04/06/2026 0:20;62537;818;52;-64; 284.06;2;-8;0
04/06/2026 0:20;62572;837;-227;-64; 241.88;-3;-8;0
04/06/2026 0:20;62607;685;-283;-32; 159.26;-8;2;0
04/06/2026 0:20;62642;410;-234;0; 146.95;-8;2;0
04/06/2026 0:20;62677;163;-108;0; 134.65;-7;5;0
04/06/2026 0:20;62712;22;135;16; 132.89;-4;7;0
04/06/2026 0:20;62747;-166;350;0; 166.29;-8;4;0
04/06/2026 0:20;62782;-343;482;16; 43.24;-4;-3;0
04/06/2026 0:20;62817;-234;496;0; 45.00;6;3;0
04/06/2026 0:20;62852;-19;688;-68; 74.88;5;6;11
04/06/2026 0:20;62887;-9;871;-72; 173.32;-4;0;11
04/06/2026 0:20;62922;-33;830;-72; 282.30;0;-6;11
04/06/2026 0:20;62957;-35;568;-48; 250.66;-2;-8;11
04/06/2026 0:21;62992;-113;551;-24; 308.67;-3;2;0
04/06/2026 0:21;63027;-100;546;-29; 345.59;4;-3;0
04/06/2026 0:21;63062;134;562;-24; 57.66;6;4;0
04/06/2026 0:21;63097;275;632;0; 343.83;7;-2;0
04/06/2026 0:21;63132;284;522;0; 248.91;-3;-6;0
04/06/2026 0:21;63167;135;328;0; 159.26;-3;-3;0
04/06/2026 0:21;63202;240;305;0; 206.72;5;3;0
04/06/2026 0:21;63237;361;482;16; 289.34;0;7;0
04/06/2026 0:21;63272;397;503;-64; 206.72;-1;-1;0
04/06/2026 0:21;63307;388;369;-64; 324.49;3;-7;0
04/06/2026 0:21;63342;573;267;-64; 68.20;0;-4;0
04/06/2026 0:21;63377;495;263;-64; 191.25;-7;1;0
04/06/2026 0:21;63412;241;186;-64; 178.95;-8;-3;0
04/06/2026 0:21;63447;35;198;-40; 177.19;-8;0;0
04/06/2026 0:21;63482;-256;207;-64; 154.34;-5;0;0
04/06/2026 0:21;63517;-399;373;-64; 78.75;-2;7;0
04/06/2026 0:21;63552;-393;559;-64; 164.88;0;1;0
04/06/2026 0:21;63587;-553;502;-64; 258.05;-5;-6;0
04/06/2026 0:21;63622;-656;249;-64; 265.08;-3;-8;0
04/06/2026 0:21;63657;-765;51;-64; 235.20;-6;-6;0
04/06/2026 0:21;63692;-876;-187;-64; 323.09;2;-7;0
04/06/2026 0:21;63727;-647;-285;-16; 358.24;8;-1;0
04/06/2026 0:21;63762;-364;-246;0; 36.91;7;3;0
04/06/2026 0:21;63797;-135;-73;0; 66.80;5;6;0
04/06/2026 0:21;63832;-60;187;14; 87.89;0;7;0
04/06/2026 0:21;63867;3;461;-24; 5.27;5;6;0
04/06/2026 0:21;63902;164;525;-24; 242.23;1;1;0
04/06/2026 0:21;63937;70;390;0; 236.95;-5;-7;0
04/06/2026 0:21;63972;124;416;-14; 171.91;5;3;0
04/06/2026 0:21;64007;120;440;-24; 194.77;-7;-1;0
04/06/2026 0:21;64042;-111;321;0; 205.31;-7;-5;0
04/06/2026 0:21;64077;-268;358;0; 82.27;-2;6;0
04/06/2026 0:21;64112;-192;609;-2; 45.35;4;7;0
04/06/2026 0:21;64147;30;681;-72; 282.30;5;-4;11
04/06/2026 0:21;64182;89;442;-24; 262.97;-1;-9;0
04/06/2026 0:21;64217;64;154;16; 268.24;-1;-9;0
04/06/2026 0:21;64252;67;-145;0; 273.52;0;-10;0
04/06/2026 0:21;64287;85;-445;0; 271.76;0;-9;0
04/06/2026 0:21;64322;64;-689;0; 270.00;-1;-8;0
04/06/2026 0:21;64357;47;-845;0; 159.26;0;-1;0
04/06/2026 0:21;64392;-52;-677;0; 104.77;-3;7;0
04/06/2026 0:21;64427;-65;-398;0; 50.27;3;7;0
04/06/2026 0:21;64462;-30;-134;0; 124.10;-4;7;0
04/06/2026 0:21;64497;-159;71;0; 129.38;1;-1;0
04/06/2026 0:21;64532;-103;-114;6; 32.70;-2;-6;0
04/06/2026 0:21;64567;34;-57;8; 48.52;5;5;0
04/06/2026 0:21;64602;148;82;0; 88.95;-1;0;0
04/06/2026 0:21;64637;165;-20;0; 211.99;-5;-3;0
04/06/2026 0:21;64672;50;-228;0; 308.67;1;-8;0
04/06/2026 0:21;64707;130;-317;0; 24.26;1;2;0
04/06/2026 0:21;64742;348;-244;0; 6.68;7;1;0
04/06/2026 0:21;64777;636;-238;-16; 340.31;9;-1;0
04/06/2026 0:21;64812;952;-320;-64; 282.30;5;-6;0
04/06/2026 0:21;64847;945;-570;-64; 243.63;-4;-8;0
04/06/2026 0:21;64882;820;-831;-64; 234.84;-4;-8;0
04/06/2026 0:21;64917;638;-1072;-96; 227.81;-7;-7;0
04/06/2026 0:21;64952;491;-1338;-128; 262.97;-2;-9;0
04/06/2026 0:21;64987;536;-1568;-128; 259.45;1;0;0
04/06/2026 0:21;65022;617;-1465;-128; 136.41;-3;2;0
04/06/2026 0:21;65057;554;-1245;-128; 127.62;-3;7;0
04/06/2026 0:22;65092;380;-1048;-128; 203.20;-6;1;0
04/06/2026 0:22;65127;339;-1039;-128; 261.21;-1;-5;0
04/06/2026 0:22;65162;323;-1288;-128; 273.52;0;-9;0
04/06/2026 0:22;65197;344;-1575;-128; 317.46;3;-8;0
04/06/2026 0:22;65232;453;-1600;-128; 268.24;1;-1;0
04/06/2026 0:22;65267;452;-1624;-128; 262.97;-2;-6;0
04/06/2026 0:22;65302;442;-1771;-136; 190.90;-3;-2;6
04/06/2026 0:22;65357;374;-1768;-276; 164.53;5;-1;6
04/06/2026 0:22;65392;483;-1840;-276; 41.48;-3;-1;6
04/06/2026 0:22;65427;472;-1829;-276; 46.76;5;3;6
04/06/2026 0:22;65462;623;-1723;-300; 311.84;0;-3;0
04/06/2026 0:22;65497;719;-1883;-304; 278.44;-1;0;0
04/06/2026 0:22;65532;697;-1780;-304; 180.00;-5;1;0
04/06/2026 0:22;65567;548;-1913;-300; 222.19;-5;-7;0
04/06/2026 0:22;65602;373;-2005;-324; 153.63;-3;-1;0
04/06/2026 0:22;65647;272;-1923;-300; 79.80;-1;-2;0
04/06/2026 0:22;65682;272;-1966;-300; 316.76;1;-1;0
04/06/2026 0:22;65717;425;-1996;-300; 306.21;3;-2;0
04/06/2026 0:22;65752;481;-1995;-300; 255.23;0;0;0
04/06/2026 0:22;65787;478;-2065;-312; 265.78;-1;-4;0
04/06/2026 0:22;65822;508;-2141;-312; 332.58;4;-4;0
04/06/2026 0:22;65857;531;-2202;-340; 74.53;1;4;0
04/06/2026 0:22;65892;545;-1978;-300; 39.38;-3;2;0
04/06/2026 0:22;65927;350;-1949;-300; 306.21;-3;0;0
04/06/2026 0:22;65962;352;-2138;-324; 279.84;1;-8;0
04/06/2026 0:22;65997;326;-2412;-367; 223.59;-4;-7;0
04/06/2026 0:22;66032;249;-2682;-396; 325.55;3;-7;0
04/06/2026 0:22;66067;400;-2726;-396; 341.37;6;0;0
04/06/2026 0:22;66102;534;-2693;-396; 218.32;1;4;0
04/06/2026 0:22;66137;418;-2801;-380; 249.96;-4;-7;0
04/06/2026 0:22;66172;348;-3051;-498; 311.48;0;-6;14
04/06/2026 0:22;66207;422;-3305;-513; 311.48;2;-8;0
04/06/2026 0:22;66242;482;-3407;-553; 281.60;2;-7;0
04/06/2026 0:22;66277;502;-3679;-616; 267.54;-1;-9;15
04/06/2026 0:22;66312;544;-3845;-644; 190.20;6;1;15
04/06/2026 0:22;66347;614;-3824;-644; 165.59;-3;0;15
04/06/2026 0:22;66382;455;-3783;-644; 158.55;-2;0;15
04/06/2026 0:22;66418;443;-3779;-644; 179.65;2;-1;15
04/06/2026 0:22;66453;576;-3785;-644; 183.16;0;-1;15
04/06/2026 0:22;66488;559;-3800;-644; 183.16;-6;-1;15
04/06/2026 0:22;66523;464;-3764;-644; 112.85;-3;5;15
04/06/2026 0:22;66558;385;-3617;-644; 184.92;-6;1;15
04/06/2026 0:22;66593;295;-3608;-644; 209.53;-1;-1;15
04/06/2026 0:22;66628;302;-3602;-644; 209.53;5;3;15
04/06/2026 0:22;66663;350;-3549;-644; 163.83;-7;0;15
04/06/2026 0:22;66698;99;-3557;-644; 216.56;-7;-4;15
04/06/2026 0:22;66733;-149;-3695;-644; 227.11;-6;-4;0
04/06/2026 0:22;66768;-174;-3653;-644; 216.56;-5;-2;15
04/06/2026 0:22;66803;-297;-3841;-644; 256.99;-3;-8;0
04/06/2026 0:22;66838;-369;-4119;-644; 269.30;-1;-9;0
04/06/2026 0:22;66873;-428;-4317;-668; 200.74;-3;-3;0
04/06/2026 0:22;66908;-391;-4405;-668; 77.70;1;-2;0
04/06/2026 0:22;66943;-364;-4419;-668; 97.03;0;-1;0
04/06/2026 0:22;66983;-410;-4369;-668; 119.88;-3;5;0
04/06/2026 0:22;67018;-568;-4169;-644; 123.40;-5;6;15
04/06/2026 0:22;67053;-739;-3935;-620; 95.27;-4;7;0
04/06/2026 0:22;67088;-767;-3657;-596; 74.18;1;8;0
04/06/2026 0:22;67123;-680;-3488;-572; 67.15;2;5;0
04/06/2026 0:22;67158;-530;-3270;-492; 51.33;5;6;0
04/06/2026 0:23;67193;-368;-3093;-532; 10.90;-2;-2;0
04/06/2026 0:23;67228;-454;-3100;-532; 42.54;3;3;0
04/06/2026 0:23;67263;-442;-3117;-532; 130.43;-4;2;0
04/06/2026 0:23;67298;-485;-3067;-532; 12.66;3;-1;0
04/06/2026 0:23;67333;-317;-3170;-532; 316.41;2;-4;0
04/06/2026 0:23;67368;-157;-3361;-622; 309.38;5;-7;15
04/06/2026 0:23;67403;8;-3493;-644; 26.72;1;-1;15
04/06/2026 0:23;67438;137;-3414;-644; 2.11;4;2;15
04/06/2026 0:23;67473;209;-3453;-644; 291.80;2;-7;15
04/06/2026 0:23;67508;313;-3708;-644; 291.80;3;-8;15
04/06/2026 0:23;67543;406;-3983;-644; 284.77;2;-9;15
04/06/2026 0:23;67578;464;-4272;-668; 233.79;-2;-8;0
04/06/2026 0:23;67613;324;-4371;-644; 158.20;-4;1;12
04/06/2026 0:23;67648;141;-4286;-644; 170.51;-3;1;12
04/06/2026 0:23;67683;-86;-4268;-644; 184.57;-9;-1;12
04/06/2026 0:23;67718;-350;-4310;-668; 133.59;-8;2;0
04/06/2026 0:23;67753;-412;-4101;-644; 70.31;2;7;15
04/06/2026 0:23;67788;-321;-3829;-644; 50.98;3;7;15
04/06/2026 0:23;67823;-106;-3750;-644; 309.02;6;-5;15
04/06/2026 0:23;67858;59;-3791;-644; 19.34;7;1;15
04/06/2026 0:23;67893;321;-3719;-644; 33.40;3;0;15
04/06/2026 0:23;67928;316;-3811;-644; 68.55;0;1;15
04/06/2026 0:23;67963;406;-3606;-644; 31.64;4;6;15
04/06/2026 0:23;67998;540;-3683;-644; 10.55;7;-3;15
04/06/2026 0:23;68033;699;-3571;-596; 133.59;0;2;0
04/06/2026 0:23;68068;612;-3592;-596; 226.76;-7;-4;0
04/06/2026 0:23;68103;445;-3790;-644; 233.79;-2;-4;15
04/06/2026 0:23;68138;327;-3815;-644; 174.02;-8;0;15
04/06/2026 0:23;68173;47;-3778;-644; 151.17;-8;2;15
04/06/2026 0:23;68208;-200;-3813;-644; 260.16;-4;-7;15
04/06/2026 0:23;68243;-198;-4074;-644; 305.86;3;-8;15
04/06/2026 0:23;68278;-46;-4288;-644; 346.29;2;-1;12
04/06/2026 0:23;68319;-48;-4271;-644; 356.84;-2;0;12
04/06/2026 0:23;68354;144;-4286;-644; 332.23;7;-3;12
04/06/2026 0:23;68389;259;-4338;-644; 209.18;0;-1;12
04/06/2026 0:23;68424;177;-4297;-644; 158.20;-7;3;12
04/06/2026 0:23;68459;-90;-4275;-644; 202.15;-8;-3;12
04/06/2026 0:23;68506;-171;-4295;-644; 249.61;-3;-3;12
04/06/2026 0:23;68544;-208;-4462;-644; 265.43;0;2;0
04/06/2026 0:23;68579;-204;-4497;-644; 274.22;0;-8;0
04/06/2026 0:23;68614;-124;-4758;-644; 309.38;4;-7;0
04/06/2026 0:23;68649;-49;-4798;-644; 209.18;0;1;0
04/06/2026 0:23;68684;-218;-4846;-644; 165.23;-3;-2;0
04/06/2026 0:23;68719;-206;-4793;-644; 117.77;-2;6;0
04/06/2026 0:23;68754;-237;-4703;-644; 152.93;-1;0;0
04/06/2026 0:23;68789;-126;-4749;-644; 144.14;0;-1;0
04/06/2026 0:23;68824;-104;-4826;-644; 101.95;-1;-3;0
04/06/2026 0:23;68859;-128;-4653;-644; 82.62;1;7;0
04/06/2026 0:23;68898;-101;-4579;-644; 198.63;-4;-2;0
04/06/2026 0:23;68933;-331;-4671;-644; 193.36;-8;-4;0
04/06/2026 0:23;68968;-496;-4645;-644; 112.50;-1;3;0
04/06/2026 0:23;69037;-496;-4617;-644; 239.06;-1;-6;0
04/06/2026 0:23;69072;-474;-4719;-644; 172.27;4;-1;0
04/06/2026 0:23;69107;-494;-4651;-644; 159.96;-3;1;0
04/06/2026 0:23;69142;-413;-4671;-644; 119.53;2;-2;0
04/06/2026 0:23;69177;-356;-4573;-644; 356.48;-3;1;0
04/06/2026 0:23;69212;-493;-4561;-644; 284.41;-4;0;0
04/06/2026 0:23;69247;-496;-4643;-644; 272.11;0;-6;0
04/06/2026 0:24;69282;-414;-4720;-644; 8.79;5;0;0
04/06/2026 0:24;69317;-287;-4679;-644; 335.39;5;-1;9
04/06/2026 0:24;69352;-69;-4815;-644; 352.97;7;-4;0
04/06/2026 0:24;69387;-78;-4848;-644; 116.02;-1;0;0
04/06/2026 0:24;69422;-168;-4784;-644; 96.68;-4;6;0
04/06/2026 0:24;69457;-214;-4561;-644; 80.86;0;0;0
04/06/2026 0:24;69492;-188;-4513;-644; 80.86;0;0;0
04/06/2026 0:24;69528;-188;-4480;-644; 98.44;-1;5;0
04/06/2026 0:24;69563;-150;-4227;-644; 86.13;1;7;0
04/06/2026 0:24;69598;-154;-4034;-644; 179.30;3;1;15
04/06/2026 0:24;69633;-236;-3981;-644; 240.82;0;3;15
04/06/2026 0:24;69668;-237;-3917;-644; 163.48;-5;1;15
04/06/2026 0:24;69703;-475;-3847;-644; 186.33;-8;1;15
04/06/2026 0:24;69738;-745;-3899;-620; 145.90;-8;0;0
04/06/2026 0:24;69773;-861;-3702;-596; 59.77;1;7;0
04/06/2026 0:24;69808;-763;-3654;-596; 93.16;1;5;15
04/06/2026 0:24;69843;-679;-3411;-548; 58.01;4;6;0
04/06/2026 0:24;69878;-510;-3181;-492; 19.34;4;4;0
04/06/2026 0:24;69913;-356;-3109;-532; 5.27;0;-1;0
04/06/2026 0:24;69948;-430;-3121;-532; 291.45;2;-6;0
04/06/2026 0:24;69983;-354;-3240;-532; 214.10;1;1;0
04/06/2026 0:24;70018;-495;-3328;-532; 214.10;-4;-3;0
04/06/2026 0:24;70053;-513;-3340;-532; 229.92;3;3;0
04/06/2026 0:24;70088;-436;-3251;-532; 222.89;0;0;0
04/06/2026 0:24;70151;-536;-3335;-532; 177.19;-7;-3;0
04/06/2026 0:24;70186;-705;-3251;-492; 54.14;2;1;0
04/06/2026 0:24;70221;-534;-3111;-492; 54.14;3;6;0
04/06/2026 0:24;70256;-317;-3004;-484; 343.83;7;-2;0
04/06/2026 0:24;70295;-218;-3038;-484; 226.05;-1;0;0
04/06/2026 0:24;70330;-339;-3027;-484; 153.98;-7;2;0
04/06/2026 0:24;70365;-595;-2920;-476; 159.26;-8;2;8
04/06/2026 0:24;70400;-861;-2807;-420; 115.31;-7;5;0
04/06/2026 0:24;70435;-848;-2592;-396; 352.27;6;2;13
04/06/2026 0:24;70470;-633;-2667;-396; 327.66;2;-2;13
04/06/2026 0:24;70505;-545;-2698;-396; 1.05;5;-2;13
04/06/2026 0:24;70540;-514;-2670;-396; 73.12;1;6;13
04/06/2026 0:24;70575;-412;-2421;-372; 74.88;2;7;0
04/06/2026 0:24;70610;-428;-2331;-372; 115.31;-1;0;0
04/06/2026 0:24;70645;-579;-2356;-360; 201.45;-6;-3;0
04/06/2026 0:24;70680;-497;-2461;-360; 78.40;1;-7;0
04/06/2026 0:24;70715;-470;-2644;-396; 9.84;1;1;13
04/06/2026 0:24;70750;-293;-2501;-396; 317.11;7;-2;13
04/06/2026 0:24;70785;-153;-2656;-436; 220.43;-1;-1;0
04/06/2026 0:24;70820;-140;-2669;-436; 253.83;1;-3;0
04/06/2026 0:24;70855;-96;-2678;-436; 157.15;0;0;0
04/06/2026 0:24;70890;-236;-2617;-420; 146.60;-7;2;0
04/06/2026 0:24;70925;-282;-2512;-396; 120.23;-2;6;0
04/06/2026 0:24;70960;-404;-2343;-372; 85.08;-5;2;0
04/06/2026 0:24;70999;-550;-2335;-340; 158.91;-8;0;0
04/06/2026 0:24;71034;-628;-2208;-340; 56.95;3;5;0
04/06/2026 0:24;71069;-529;-2155;-324; 93.87;1;0;0
04/06/2026 0:24;71104;-581;-2029;-324; 78.05;-2;7;0
04/06/2026 0:24;71139;-453;-1896;-300; 339.61;5;-2;0
04/06/2026 0:24;71174;-294;-1938;-300; 302.70;-3;3;0
04/06/2026 0:24;71213;-311;-1889;-300; 172.62;-4;0;0
04/06/2026 0:24;71248;-546;-1895;-300; 170.86;-9;0;0
04/06/2026 0:24;71283;-699;-1784;-304; 51.33;-3;-1;0
04/06/2026 0:24;71318;-694;-1855;-304; 19.69;4;0;0
04/06/2026 0:24;71353;-550;-1683;-300; 81.21;1;5;0
04/06/2026 0:25;71388;-618;-1842;-300; 355.08;-3;-3;0
04/06/2026 0:25;71423;-545;-1883;-300; 12.66;0;0;0
04/06/2026 0:25;71458;-534;-1894;-300; 10.90;3;-1;0
04/06/2026 0:25;71493;-389;-1873;-276; 111.09;1;0;0
04/06/2026 0:25;71528;-405;-1841;-276; 133.95;-4;3;5
04/06/2026 0:25;71563;-399;-1845;-276; 167.34;0;-1;5
04/06/2026 0:25;71598;-337;-1764;-276; 235.90;0;4;5
04/06/2026 0:25;71633;-364;-1714;-188; 186.68;-6;-1;5
04/06/2026 0:25;71668;-419;-1721;-136; 155.04;5;-1;5
04/06/2026 0:25;71703;-337;-1775;-136; 44.30;0;3;5
04/06/2026 0:25;71766;-337;-1681;-136; 144.49;-1;0;5
04/06/2026 0:25;71801;-421;-1665;-128; 82.97;-1;0;5
04/06/2026 0:25;71836;-410;-1598;-128; 21.45;1;1;0
04/06/2026 0:25;71871;-336;-1563;-128; 19.69;-5;-2;0
04/06/2026 0:25;71906;-382;-1575;-128; 139.22;-1;0;0
04/06/2026 0:25;71941;-469;-1489;-128; 186.68;3;1;0
04/06/2026 0:25;71976;-544;-1567;-128; 174.38;-7;-3;0
04/06/2026 0:25;72011;-578;-1529;-128; 97.03;-1;6;0
04/06/2026 0:25;72046;-675;-1285;-112; 142.73;-6;5;0
04/06/2026 0:25;72081;-877;-1081;-80; 118.12;-6;6;0
04/06/2026 0:25;72116;-979;-818;-64; 60.12;0;7;0
04/06/2026 0:25;72151;-840;-639;-64; 86.48;1;1;0
04/06/2026 0:25;72186;-853;-678;-64; 33.75;-4;-5;0
04/06/2026 0:25;72221;-1011;-754;-64; 297.07;0;-5;0
04/06/2026 0:25;72256;-853;-938;-80; 274.22;5;-7;0
04/06/2026 0:25;72291;-849;-1199;-96; 309.38;1;-8;0
04/06/2026 0:25;72326;-708;-1328;-112; 3.87;4;0;0
04/06/2026 0:25;72361;-454;-1332;-128; 333.98;7;-3;0
04/06/2026 0:25;72396;-212;-1479;-182; 333.98;6;-6;0
04/06/2026 0:25;72431;-8;-1549;-216; 61.88;1;-1;3
04/06/2026 0:25;72466;6;-1424;-216; 88.24;0;7;3
04/06/2026 0:25;72501;14;-1139;-216; 95.27;0;8;2
04/06/2026 0:25;72536;15;-1144;-216; 97.03;0;-3;2
04/06/2026 0:25;72571;-3;-1073;-216; 137.46;0;-2;0
04/06/2026 0:25;72606;28;-1143;-216; 227.11;-4;-5;2
04/06/2026 0:25;72641;-12;-1366;-216; 343.12;2;-5;3
04/06/2026 0:25;72676;-77;-1456;-216; 30.59;0;0;0
04/06/2026 0:25;72711;109;-1349;-224; 30.59;7;4;0
04/06/2026 0:25;72746;186;-1303;-224; 30.59;0;0;0
04/06/2026 0:25;72805;233;-1388;-224; 288.63;3;-7;0
04/06/2026 0:25;72840;188;-1584;-224; 179.65;-5;0;0
04/06/2026 0:25;72875;-35;-1508;-216; 125.16;-6;5;3
04/06/2026 0:25;72910;-177;-1260;-224; 90.00;-2;8;0
04/06/2026 0:25;72945;-139;-1009;-200; 7.38;1;0;0
04/06/2026 0:25;72980;35;-998;-128; 33.75;3;0;0
04/06/2026 0:25;73022;47;-959;-128; 118.12;0;-1;0
04/06/2026 0:25;73057;22;-881;-128; 82.97;-1;0;1
04/06/2026 0:25;73092;5;-979;-128; 82.97;0;1;0
04/06/2026 0:25;73127;-14;-881;-128; 193.71;3;0;1
04/06/2026 0:25;73162;-48;-867;0; 137.46;0;0;1
04/06/2026 0:25;73198;-39;-761;0; 84.73;0;7;0
04/06/2026 0:25;73233;-20;-481;0; 118.12;-2;8;0
04/06/2026 0:25;73268;-117;-242;0; 158.55;-2;2;0
04/06/2026 0:25;73303;-188;-212;0; 100.55;0;-2;0
04/06/2026 0:25;73338;-150;-290;0; 46.05;5;2;0
04/06/2026 0:25;73373;-56;-251;0; 58.36;2;2;0
04/06/2026 0:25;73408;12;-26;8; 91.76;0;5;0
04/06/2026 0:25;73443;44;2;8; 44.30;4;3;0
04/06/2026 0:26;73478;89;182;14; 97.03;-2;6;0
04/06/2026 0:26;73513;63;450;-24; 46.05;0;8;0
04/06/2026 0:26;73548;234;590;0; 302.34;6;-4;0
04/06/2026 0:26;73583;313;483;16; 328.71;3;-4;0
04/06/2026 0:26;73618;471;300;-64; 267.19;2;-8;0
04/06/2026 0:26;73653;572;176;-64; 16.17;5;0;0
04/06/2026 0:26;73688;823;232;-64; 321.68;7;-2;0
04/06/2026 0:26;73723;949;25;-64; 246.09;-1;-8;0
04/06/2026 0:26;73758;896;-249;-64; 284.77;1;-8;0
04/06/2026 0:26;73793;827;-506;-64; 254.88;-5;-7;0
04/06/2026 0:26;73828;784;-699;-64; 258.40;-1;-7;0
04/06/2026 0:26;73863;783;-922;-80; 295.31;0;-8;0
04/06/2026 0:26;73898;963;-1042;-80; 58.36;6;3;0
04/06/2026 0:26;73933;1073;-811;-64; 95.27;0;8;0
04/06/2026 0:26;73968;1055;-523;-64; 95.27;-1;8;0
04/06/2026 0:26;74003;1027;-233;-64; 104.06;-2;8;0
04/06/2026 0:26;74038;909;27;-64; 121.64;-4;7;0
04/06/2026 0:26;74073;710;232;-64; 142.73;-7;5;0
04/06/2026 0:26;74108;462;353;-64; 221.84;-8;-2;0
04/06/2026 0:26;74143;258;198;-64; 177.89;-6;-3;0
04/06/2026 0:26;74178;73;192;-40; 183.16;-8;0;0
04/06/2026 0:26;74213;-168;207;-56; 167.34;-4;0;0
04/06/2026 0:26;74248;-349;261;-64; 119.88;-5;5;0
04/06/2026 0:26;74283;-552;427;-64; 211.29;-8;-1;0
04/06/2026 0:26;74318;-772;285;-64; 255.23;-4;-8;0
04/06/2026 0:26;74353;-861;13;-64; 255.23;-3;-9;0
04/06/2026 0:26;74388;-936;-268;-64; 255.23;-3;-9;0
04/06/2026 0:26;74423;-1062;-517;-64; 227.11;-6;-6;0
04/06/2026 0:26;74458;-1114;-702;-64; 306.21;2;-7;0
04/06/2026 0:26;74493;-982;-944;-66; 276.33;3;-8;0
04/06/2026 0:26;74528;-821;-1189;-96; 337.85;6;-6;0
04/06/2026 0:26;74563;-553;-1318;-128; 330.82;8;-5;0
04/06/2026 0:26;74598;-389;-1404;-128; 304.45;2;-3;0
04/06/2026 0:26;74633;-380;-1588;-128; 256.99;-2;-8;0
04/06/2026 0:26;74668;-403;-1613;-128; 283.36;-1;-2;0
04/06/2026 0:26;74703;-337;-1792;-136; 325.55;0;-4;5
04/06/2026 0:26;74738;-402;-1770;-136; 358.95;4;0;5
04/06/2026 0:26;74778;-418;-1759;-252; 322.03;-7;2;5
04/06/2026 0:26;74813;-490;-1769;-276; 295.66;1;-5;5
04/06/2026 0:26;74848;-435;-1745;-276; 241.17;0;1;5
04/06/2026 0:26;74883;-447;-1840;-276; 213.05;-1;-3;5
04/06/2026 0:26;74918;-482;-1894;-278; 204.26;-1;-3;0
04/06/2026 0:26;74953;-644;-1866;-300; 146.25;-7;4;0
04/06/2026 0:26;74988;-648;-1780;-300; 214.80;5;4;0
04/06/2026 0:26;75023;-564;-1819;-300; 272.81;0;-7;0
04/06/2026 0:26;75058;-440;-2055;-324; 299.18;5;-7;0
04/06/2026 0:26;75093;-419;-2318;-340; 227.11;-5;-7;0
04/06/2026 0:26;75128;-585;-2563;-374; 242.93;-5;-8;13
04/06/2026 0:26;75163;-685;-2675;-396; 158.55;-6;1;13
04/06/2026 0:26;75198;-833;-2618;-396; 265.78;0;2;13
04/06/2026 0:26;75233;-743;-2753;-396; 341.37;5;-5;13
04/06/2026 0:26;75268;-499;-2917;-484; 337.85;7;-6;0
04/06/2026 0:26;75303;-251;-3046;-484; 290.39;3;-2;0
04/06/2026 0:26;75338;-245;-3212;-489; 256.99;-2;-8;0
04/06/2026 0:26;75373;-283;-3506;-644; 313.24;0;-10;15
04/06/2026 0:26;75408;-86;-3640;-644; 341.37;7;-2;15
04/06/2026 0:26;75443;165;-3768;-664; 306.21;6;-6;0
04/06/2026 0:26;75478;323;-3980;-644; 269.30;1;-3;15
04/06/2026 0:26;75513;377;-3965;-644; 223.59;-2;-2;15
04/06/2026 0:26;75548;215;-4120;-668; 223.59;-6;-6;0
04/06/2026 0:27;75583;34;-4272;-644; 220.08;-4;-1;12
04/06/2026 0:27;75618;-68;-4288;-644; 237.66;-1;0;12
04/06/2026 0:27;75653;-151;-4288;-644; 213.05;-1;0;12
04/06/2026 0:27;75688;-210;-4415;-644; 267.54;-1;-8;12
04/06/2026 0:27;75723;-197;-4464;-644; 276.33;0;-1;0
04/06/2026 0:27;75758;-144;-4660;-644; 272.81;1;-5;0
04/06/2026 0:27;75793;-160;-4848;-644; 207.77;-4;-1;0
04/06/2026 0:27;75828;-240;-4841;-644; 84.73;0;0;0
04/06/2026 0:27;75863;-240;-4761;-644; 153.28;-1;1;0
04/06/2026 0:27;75898;-235;-4722;-644; 72.42;1;4;0
04/06/2026 0:27;75933;-187;-4513;-644; 90.00;0;0;0
04/06/2026 0:27;75970;-177;-4568;-644; 167.34;0;-1;0
04/06/2026 0:27;76074;-179;-4536;-644; 93.52;-1;5;0
04/06/2026 0:27;76109;-177;-4274;-644; 56.60;2;7;0
04/06/2026 0:27;76144;-58;-4016;-640; 24.96;5;6;15
04/06/2026 0:27;76179;186;-3846;-644; 24.96;7;3;15
04/06/2026 0:27;76214;450;-3720;-644; 24.96;7;3;15
04/06/2026 0:27;76249;633;-3533;-596; 118.12;-1;7;0
04/06/2026 0:27;76284;535;-3274;-532; 102.30;-3;7;0
04/06/2026 0:27;76319;527;-3003;-484; 33.75;4;6;0
04/06/2026 0:27;76354;738;-2816;-484; 42.54;6;5;0
04/06/2026 0:27;76389;766;-2691;-460; 158.55;-2;0;0
04/06/2026 0:27;76424;640;-2694;-428; 167.34;-2;0;0
04/06/2026 0:27;76459;463;-2682;-396; 128.67;-4;1;0
04/06/2026 0:27;76494;427;-2543;-372; 95.27;-1;7;0
04/06/2026 0:27;76529;446;-2265;-340; 86.48;1;8;0
04/06/2026 0:27;76564;469;-2009;-324; 79.45;0;7;0
04/06/2026 0:27;76599;581;-1877;-300; 30.23;5;2;0
04/06/2026 0:27;76634;719;-1793;-304; 123.40;0;-4;0
04/06/2026 0:27;76669;635;-1775;-300; 142.73;-6;5;0
04/06/2026 0:27;76704;528;-1704;-276; 200.74;0;-1;0
04/06/2026 0:27;76752;396;-1720;-276; 193.71;-7;-1;6
04/06/2026 0:27;76787;367;-1684;-276; 228.87;0;0;6
04/06/2026 0:27;77034;400;-1665;-128; 60.47;2;0;6
04/06/2026 0:27;77069;438;-1633;-128; 76.29;1;5;0
04/06/2026 0:27;77104;558;-1406;-128; 34.10;6;5;0
04/06/2026 0:27;77139;753;-1205;-96; 78.05;2;7;0
04/06/2026 0:27;77174;819;-949;-80; 118.48;0;2;0
04/06/2026 0:27;77209;938;-981;-80; 95.62;0;3;0
04/06/2026 0:27;77244;921;-739;-64; 90.35;-1;8;0
04/06/2026 0:27;77279;928;-453;-64; 109.69;-2;8;0
04/06/2026 0:27;77314;800;-214;-64; 178.24;-8;2;0
04/06/2026 0:27;77349;523;-193;0; 185.27;-9;-1;0
04/06/2026 0:27;77384;241;-179;0; 116.72;-7;4;0
04/06/2026 0:27;77419;67;40;8; 116.72;-5;6;0
04/06/2026 0:27;77454;27;311;2; 62.23;0;8;0
04/06/2026 0:27;77489;63;594;-48; 169.45;-1;4;11
04/06/2026 0:27;77524;-86;590;-48; 215.16;-7;-5;0
04/06/2026 0:27;77559;-328;444;16; 223.95;-7;-5;0
04/06/2026 0:27;77594;-564;264;-64; 227.46;-7;-6;0
04/06/2026 0:27;77629;-772;59;-64; 227.46;-6;-7;0
04/06/2026 0:28;77664;-873;-193;-64; 273.16;0;-9;0
04/06/2026 0:28;77699;-965;-452;-64; 230.98;-5;-7;0
04/06/2026 0:28;77734;-1120;-655;-64; 267.89;-1;-4;0
04/06/2026 0:28;77769;-1120;-849;-64; 239.77;-1;-7;0
04/06/2026 0:28;77804;-1037;-988;-80; 288.98;4;-6;0
04/06/2026 0:28;77839;-869;-1199;-96; 327.66;5;-5;0
04/06/2026 0:28;77874;-619;-1315;-112; 18.63;8;0;0
04/06/2026 0:28;77909;-349;-1265;-128; 338.20;3;0;0
04/06/2026 0:28;77944;-350;-1229;-128; 288.98;-1;0;0
04/06/2026 0:28;77992;-409;-1216;-128; 71.37;0;3;0
04/06/2026 0:28;78027;-494;-1028;-128; 166.29;-7;3;0
04/06/2026 0:28;78062;-698;-995;-96; 132.89;-7;3;0
04/06/2026 0:28;78097;-838;-787;-64; 67.85;0;7;0
04/06/2026 0:28;78132;-804;-514;-64; 118.83;-3;7;0
04/06/2026 0:28;78167;-914;-253;-64; 69.61;-1;7;0
04/06/2026 0:28;78202;-801;-112;-64; 306.56;0;-3;0
04/06/2026 0:28;78237;-642;-204;-16; 2.81;7;-1;0
04/06/2026 0:28;78272;-356;-199;0; 339.96;8;-1;0
04/06/2026 0:28;78307;-139;-320;0; 283.71;2;-1;0
04/06/2026 0:28;78342;-72;-489;0; 283.71;1;-8;0
04/06/2026 0:28;78377;-10;-769;0; 264.38;0;-9;0
04/06/2026 0:28;78412;-19;-912;-128; 264.38;-1;0;1
04/06/2026 0:28;78447;-23;-981;-128; 274.92;-1;-1;0
04/06/2026 0:28;78536;-8;-958;-128; 218.67;3;4;0
04/06/2026 0:28;78571;23;-950;-128; 197.58;-5;-2;0
04/06/2026 0:28;78606;-48;-976;-128; 176.48;0;-1;0
04/06/2026 0:28;78642;-22;-979;-128; 158.91;-4;1;0
04/06/2026 0:28;78677;27;-986;-128; 202.85;2;-1;0
04/06/2026 0:28;78714;4;-1058;-128; 259.10;-1;-1;0
04/06/2026 0:28;78749;19;-945;-128; 267.89;0;0;0
04/06/2026 0:28;78784;13;-1142;-112; 267.89;-1;-9;2
04/06/2026 0:28;78819;12;-1174;-112; 308.32;0;0;2
04/06/2026 0:28;78854;-59;-1146;-112; 53.79;-1;0;2
04/06/2026 0:28;78889;20;-1004;-128; 62.58;3;7;0
04/06/2026 0:28;78924;47;-954;-128; 332.93;0;-1;0
04/06/2026 0:28;78959;36;-945;-128; 278.44;-1;0;0
04/06/2026 0:28;79052;26;-1014;-128; 264.38;-1;-7;0
04/06/2026 0:28;79087;6;-1288;-112; 271.41;-1;-9;2
04/06/2026 0:28;79122;11;-1579;-88; 271.41;0;-9;0
04/06/2026 0:28;79157;18;-1876;-64; 276.68;0;-9;0
04/06/2026 0:28;79192;4;-2167;-32; 259.10;-2;-9;0
04/06/2026 0:29;80617;911;-481;-104; 157.85;1;-2;0
04/06/2026 0:29;80652;795;-373;-136; 138.52;-6;5;0
04/06/2026 0:29;80687;570;-203;-76; 196.52;-8;1;0
04/06/2026 0:29;80722;299;-256;-72; 157.85;-8;-1;0
04/06/2026 0:29;80757;87;-182;-32; 140.27;-4;3;0
04/06/2026 0:29;80792;35;-132;-16; 112.15;-3;4;0
04/06/2026 0:29;80827;24;21;0; 349.10;3;0;0
04/06/2026 0:29;80862;128;-20;0; 31.29;-4;-3;0
04/06/2026 0:29;80897;199;-26;0; 43.59;5;2;0
04/06/2026 0:29;80932;255;-48;0; 149.06;0;0;0
04/06/2026 0:29;80967;99;12;0; 175.43;-8;1;0
04/06/2026 0:29;81002;-184;-6;0; 185.98;-9;-2;0
04/06/2026 0:29;81037;-332;-27;0; 73.48;0;2;0
04/06/2026 0:29;81072;-211;159;0; 54.14;5;5;0
04/06/2026 0:29;81107;-206;69;0; 48.87;-4;-6;0
04/06/2026 0:29;81142;-128;84;0; 61.17;2;1;0
04/06/2026 0:29;81177;-140;199;0; 154.34;-4;4;0
04/06/2026 0:29;81212;-174;246;0; 120.94;-1;0;0
04/06/2026 0:29;81256;-273;254;0; 171.91;-8;0;0
04/06/2026 0:29;81291;-543;314;64; 127.97;-7;4;0
04/06/2026 0:29;81326;-643;411;68; 78.75;1;4;0
04/06/2026 0:29;81361;-636;421;68; 66.45;1;3;0
04/06/2026 0:29;81396;-570;558;68; 64.69;1;1;0
04/06/2026 0:29;81431;-536;602;88; 52.38;3;3;0
04/06/2026 0:29;81466;-461;694;84; 34.80;6;3;0
04/06/2026 0:29;81501;-424;696;88; 142.03;-1;-1;0
04/06/2026 0:29;81536;-458;737;84; 108.63;-3;5;0
04/06/2026 0:29;81571;-506;717;84; 31.29;3;1;0
04/06/2026 0:29;81606;-377;797;104; 326.25;-4;3;0
04/06/2026 0:29;81641;-360;776;104; 342.07;1;-1;0
04/06/2026 0:29;81676;-345;765;100; 343.83;0;-1;0
04/06/2026 0:29;81730;-144;801;120; 40.08;7;2;0
04/06/2026 0:29;81765;-13;863;120; 87.54;-1;-3;0
04/06/2026 0:30;81800;-87;684;112; 350.86;-2;-3;0
04/06/2026 0:30;81835;57;634;120; 48.87;-1;-3;0
04/06/2026 0:30;81870;-1;687;112; 142.03;-4;6;0
04/06/2026 0:30;81905;-240;776;112; 180.70;-9;0;0
04/06/2026 0:30;81940;-519;719;84; 242.23;-6;-6;0
04/06/2026 0:30;81975;-593;467;68; 316.05;2;-8;0
04/06/2026 0:30;82010;-388;287;16; 326.60;7;-7;0
04/06/2026 0:30;82045;-120;167;0; 31.64;7;2;0
04/06/2026 0:30;82080;38;218;0; 128.32;1;-2;0
04/06/2026 0:30;82115;-106;308;0; 210.94;-8;-1;0
04/06/2026 0:30;82150;-234;119;0; 274.22;-1;-8;0
04/06/2026 0:30;82185;-242;-51;0; 290.04;-4;3;0
04/06/2026 0:30;82220;-294;-80;0; 281.25;-1;1;0
04/06/2026 0:30;82255;-318;64;0; 342.77;3;0;0
04/06/2026 0:30;82290;-89;4;0; 342.77;7;-3;0
04/06/2026 0:30;82325;175;-48;0; 321.68;0;-1;0
04/06/2026 0:30;82360;275;10;0; 84.73;3;3;0
04/06/2026 0:30;82395;236;30;0; 179.65;-7;0;0
04/06/2026 0:30;82430;-35;13;0; 195.47;-9;-2;0
04/06/2026 0:30;82465;-233;-80;0; 242.93;-2;0;0
04/06/2026 0:30;82509;-246;-73;0; 88.24;-1;3;0
04/06/2026 0:30;82544;-151;132;0; 5.62;6;4;0
04/06/2026 0:30;82579;97;199;0; 67.15;5;4;0
04/06/2026 0:30;82614;44;350;0; 190.20;-7;2;0
04/06/2026 0:30;82649;-213;287;0; 195.47;-8;-3;0
04/06/2026 0:30;82684;-490;288;48; 118.12;-7;4;0
04/06/2026 0:30;82719;-529;511;72; 58.36;0;3;0
04/06/2026 0:30;82754;-471;661;88; 2.11;6;2;0
04/06/2026 0:30;82789;-337;750;100; 9.14;7;2;0
04/06/2026 0:30;82824;-76;710;112; 326.95;6;-5;0
04/06/2026 0:30;82859;150;565;120; 318.16;2;-2;2
04/06/2026 0:30;82894;156;548;111; 284.77;0;-4;2
04/06/2026 0:30;82929;215;324;96; 284.77;2;-8;2
04/06/2026 0:30;82964;228;174;96; 251.37;-2;-7;2
04/06/2026 0:30;82999;220;129;96; 337.50;3;-2;2
04/06/2026 0:30;83094;256;1215;64; 270.00;0;-2;5
04/06/2026 0:30;83129;264;996;56; 306.91;2;-8;0
04/06/2026 0:30;83164;237;899;56; 13.71;1;0;0
04/06/2026 0:30;83199;456;952;120; 18.98;7;2;0
04/06/2026 0:30;83234;442;925;120; 31.29;-4;-2;0
04/06/2026 0:30;83269;496;993;120; 71.72;4;6;0
04/06/2026 0:30;83304;532;1206;56; 164.88;-5;1;0
04/06/2026 0:30;83339;282;1211;64; 219.38;-8;-3;5
04/06/2026 0:30;83374;243;1034;56; 300.23;3;-7;0
04/06/2026 0:30;83409;293;880;56; 319.57;0;0;0
04/06/2026 0:30;83457;493;900;120; 337.15;6;-1;16
04/06/2026 0:30;83492;532;852;120; 270.35;0;-7;0
04/06/2026 0:30;83527;464;737;120; 170.16;-1;0;0
04/06/2026 0:30;83562;324;800;120; 173.67;-8;1;15
04/06/2026 0:30;83600;119;816;120; 182.46;3;0;0
04/06/2026 0:30;83635;58;808;120; 191.25;-8;-2;0
04/06/2026 0:30;83670;-102;747;112; 112.15;2;-5;0
04/06/2026 0:30;83705;-71;580;120; 26.02;4;0;0
04/06/2026 0:30;83740;66;687;120; 101.60;0;0;0
04/06/2026 0:30;83775;47;740;120; 47.11;0;4;0
04/06/2026 0:30;83810;219;840;120; 47.11;4;1;0
04/06/2026 0:30;83845;427;962;104; 335.04;7;0;0
04/06/2026 0:30;83880;559;1031;120; 211.99;1;0;0
04/06/2026 0:31;83921;365;1012;88; 176.84;-9;-2;0
04/06/2026 0:31;83966;204;1019;56; 115.31;-2;4;0
04/06/2026 0:31;84001;176;1116;56; 204.96;0;0;0
04/06/2026 0:31;84036;200;1047;56; 328.01;3;-6;0
04/06/2026 0:31;84071;435;932;120; 301.64;6;-5;0
04/06/2026 0:31;84106;464;736;120; 178.59;-1;0;0
04/06/2026 0:31;84141;340;782;120; 173.32;-8;1;15
04/06/2026 0:31;84176;62;788;120; 233.09;-7;-4;0
04/06/2026 0:31;84211;-78;680;112; 319.22;-3;1;0
04/06/2026 0:31;84246;53;564;120; 319.22;6;-6;0
04/06/2026 0:31;84281;272;375;96; 319.22;4;-4;2
04/06/2026 0:31;84316;294;344;96; 292.85;2;-6;2
04/06/2026 0:31;84351;431;158;0; 33.05;-1;-4;0
04/06/2026 0:31;84386;416;226;0; 112.15;-2;6;0
04/06/2026 0:31;84421;384;331;0; 112.15;2;-6;0
04/06/2026 0:31;84456;422;240;0; 36.56;1;0;0
04/06/2026 0:31;84558;-214;43;0; 24.96;5;3;0
04/06/2026 0:31;84593;-126;117;0; 305.86;-4;3;0
04/06/2026 0:31;84628;-217;144;0; 246.09;-4;-7;0
04/06/2026 0:31;84663;-259;-80;0; 302.34;0;0;0
04/06/2026 0:31;84698;-284;-82;0; 272.46;0;-7;0
04/06/2026 0:31;84733;-274;-106;0; 298.83;2;-4;8
04/06/2026 0:31;84768;-213;-306;-8; 239.06;-1;-5;0
04/06/2026 0:31;84803;-209;-490;-12; 274.22;0;-8;0
04/06/2026 0:31;84838;-228;-698;-16; 181.05;-4;-2;0
04/06/2026 0:31;84873;-425;-633;-16; 84.38;-3;6;6
04/06/2026 0:31;84908;-354;-401;-32; 79.10;0;0;0
04/06/2026 0:31;84943;-337;-459;-32; 166.99;-5;0;0
04/06/2026 0:31;84978;-492;-411;-32; 203.91;-1;0;0
04/06/2026 0:31;85013;-435;-402;-32; 159.96;6;-1;0
04/06/2026 0:31;85048;-358;-440;-32; 142.38;-6;2;0
04/06/2026 0:31;85083;-437;-470;-32; 89.65;0;-7;0
04/06/2026 0:31;85118;-464;-523;-32; 19.34;-1;-3;0
04/06/2026 0:31;85153;-454;-500;-32; 12.30;0;1;0
04/06/2026 0:31;85188;-632;-432;-24; 12.30;-8;1;6
04/06/2026 0:31;85223;-748;-431;-24; 15.82;-2;-1;0
04/06/2026 0:31;85258;-816;-430;-24; 356.48;0;0;0
04/06/2026 0:31;85293;-753;-422;-24; 352.97;0;0;0
04/06/2026 0:31;85328;-769;-413;-24; 347.95;-1;0;0
